0,0,0
-0.000039175,6.6975E-06,0.000096053
-0.00028589,0.000048877,0.00098657
-0.00087887,0.00015026,0.0033663
-0.001896,0.00032415,0.0076255
-0.0033698,0.00057611,0.013926
-0.005301,0.00090629,0.022273
-0.0076791,0.0013129,0.032613
-0.01049,0.0017934,0.044874
-0.013736,0.0023484,0.059073
-0.017432,0.0029802,0.075272
-0.021594,0.0036917,0.093565
-0.026244,0.0044868,0.11406
-0.031397,0.0053678,0.13682
-0.037065,0.0063368,0.16192
-0.043258,0.0073957,0.1894
-0.049988,0.0085462,0.21933
-0.057264,0.0097902,0.25174
-0.065095,0.011129,0.28669
-0.073492,0.012564,0.32422
-0.08246,0.014098,0.36437
-0.092007,0.01573,0.40717
-0.10214,0.017462,0.45265
-0.11286,0.019294,0.50082
-0.12417,0.021228,0.55171
-0.13607,0.023263,0.60533
-0.14857,0.0254,0.6617
-0.16167,0.02764,0.72081
-0.17537,0.029982,0.78268
-0.18967,0.032426,0.8473
-0.20456,0.034973,0.91467
-0.22006,0.037622,0.98479
-0.23615,0.040373,1.0577
-0.25284,0.043227,1.1333
-0.27014,0.046184,1.2117
-0.28802,0.049242,1.2928
-0.30651,0.052403,1.3767
-0.3256,0.055665,1.4633
-0.34528,0.05903,1.5526
-0.36555,0.062497,1.6447
-0.38643,0.066065,1.7396
-0.4079,0.069736,1.8371
-0.42996,0.073508,1.9374
-0.45262,0.077382,2.0405
-0.47588,0.081358,2.1462
-0.49973,0.085436,2.2548
-0.52418,0.089616,2.366
-0.54923,0.093898,2.48
-0.57487,0.098282,2.5967
-0.60111,0.10277,2.7162
-0.62795,0.10736,2.8384
-0.65538,0.11205,2.9633
-0.68341,0.11684,3.091
-0.71204,0.12173,3.2215
-0.74127,0.12673,3.3547
-0.7711,0.13183,3.4906
-0.80153,0.13703,3.6293
-0.83256,0.14234,3.7708
-0.86418,0.14775,3.915
-0.89641,0.15326,4.0619
-0.92924,0.15887,4.2116
-0.96267,0.16459,4.3641
-0.9967,0.17041,4.5194
-1.0313,0.17633,4.6774
-1.0666,0.18235,4.8382
-1.1024,0.18848,5.0017
-1.1389,0.19472,5.168
-1.1759,0.20105,5.3371
-1.2136,0.20749,5.509
-1.2518,0.21404,5.6836
-1.2907,0.22068,5.8611
-1.3301,0.22744,6.0413
-1.3702,0.23429,6.2243
-1.4109,0.24125,6.41
-1.4522,0.24832,6.5986
-1.4941,0.25548,6.79
-1.5366,0.26276,6.9841
-1.5797,0.27013,7.1811
-1.6234,0.27762,7.3808
-1.6677,0.2852,7.5834
-1.7127,0.29289,7.7887
-1.7582,0.30069,7.9969
-1.8044,0.30859,8.2078
-1.8512,0.3166,8.4216
-1.8985,0.32471,8.6382
-1.9465,0.33292,8.8576
-1.9951,0.34124,9.0798
-2.0444,0.34967,9.3048
-2.0942,0.3582,9.5326
-2.1446,0.36684,9.7632
-2.1957,0.37558,9.9967
-2.2474,0.38443,10.233
-2.2996,0.39339,10.472
-2.3525,0.40245,10.714
-2.4061,0.41161,10.959
-2.4602,0.42089,11.206
-2.5149,0.43026,11.457
-2.5703,0.43975,11.71
-2.6263,0.44934,11.966
-2.6829,0.45904,12.225
-2.7401,0.46884,12.487
-2.7979,0.47875,12.751
-2.8564,0.48876,13.019
-2.9154,0.49889,13.289
-2.9751,0.50912,13.562
-3.0354,0.51945,13.838
-3.0963,0.52989,14.117
-3.1579,0.54044,14.399
-3.22,0.5511,14.683
-3.2828,0.56186,14.971
-3.3462,0.57273,15.261
-3.4103,0.58371,15.554
-3.4749,0.59479,15.85
-3.5402,0.60599,16.149
-3.6061,0.61728,16.45
-3.6726,0.62869,16.755
-3.7397,0.6402,17.062
-3.8075,0.65183,17.373
-3.8758,0.66355,17.686
-3.9448,0.67539,18.002
-4.0145,0.68734,18.321
-4.0847,0.69939,18.642
-4.1556,0.71155,18.967
-4.2271,0.72382,19.294
-4.2992,0.73619,19.625
-4.372,0.74867,19.958
-4.4453,0.76127,20.294
-4.5193,0.77397,20.633
-4.594,0.78677,20.975
-4.6692,0.79969,21.32
-4.7451,0.81272,21.667
-4.8216,0.82585,22.018
-4.8988,0.83909,22.371
-4.9765,0.85244,22.728
-5.0549,0.8659,23.087
-5.1339,0.87947,23.449
-5.2136,0.89314,23.814
-5.2939,0.90693,24.182
-5.3748,0.92082,24.553
-5.4563,0.93482,24.926
-5.5385,0.94893,25.303
-5.6213,0.96315,25.682
-5.7047,0.97748,26.065
-5.7887,0.99192,26.45
-5.8734,1.0065,26.838
-5.9588,1.0211,27.229
-6.0447,1.0359,27.623
-6.1313,1.0508,28.02
-6.2185,1.0658,28.42
-6.3063,1.0808,28.822
-6.3948,1.096,29.228
-6.4839,1.1114,29.637
-6.5737,1.1268,30.048
-6.6641,1.1423,30.462
-6.7551,1.158,30.88
-6.8467,1.1737,31.3
-6.939,1.1896,31.723
-7.0319,1.2055,32.149
-7.1255,1.2216,32.578
-7.2196,1.2378,33.01
-7.3145,1.2541,33.444
-7.4099,1.2705,33.882
-7.506,1.287,34.323
-7.6027,1.3037,34.766
-7.7001,1.3204,35.213
-7.7981,1.3373,35.662
-7.8967,1.3542,36.115
-7.996,1.3713,36.57
-8.0959,1.3885,37.028
-8.1964,1.4058,37.489
-8.2976,1.4232,37.953
-8.3994,1.4407,38.42
-8.5019,1.4583,38.89
-8.6049,1.476,39.363
-8.7087,1.4939,39.839
-8.813,1.5118,40.318
-8.918,1.5299,40.799
-9.0237,1.5481,41.284
-9.13,1.5664,41.772
-9.2369,1.5848,42.262
-9.3445,1.6033,42.756
-9.4527,1.6219,43.252
-9.5615,1.6406,43.751
-9.671,1.6595,44.254
-9.7811,1.6784,44.759
-9.8919,1.6975,45.267
-10.003,1.7167,45.778
-10.115,1.736,46.292
-10.228,1.7554,46.809
-10.341,1.7749,47.329
-10.455,1.7945,47.852
-10.57,1.8142,48.378
-10.685,1.8341,48.907
-10.801,1.854,49.439
-10.918,1.8741,49.974
-11.035,1.8943,50.511
-11.153,1.9145,51.052
-11.271,1.9349,51.596
-11.39,1.9555,52.142
-11.51,1.9761,52.692
-11.63,1.9968,53.244
-11.751,2.0177,53.8
-11.873,2.0386,54.358
-11.995,2.0597,54.92
-12.118,2.0809,55.484
-12.242,2.1022,56.052
-12.366,2.1236,56.622
-12.491,2.1451,57.195
-12.617,2.1667,57.771
-12.743,2.1885,58.351
-12.87,2.2103,58.933
-12.997,2.2323,59.518
-13.125,2.2543,60.106
-13.254,2.2765,60.697
-13.383,2.2988,61.291
-13.513,2.3212,61.888
-13.644,2.3438,62.488
-13.775,2.3664,63.091
-13.907,2.3892,63.697
-14.04,2.412,64.306
-14.173,2.435,64.918
-14.307,2.4581,65.533
-14.442,2.4813,66.151
-14.577,2.5046,66.771
-14.713,2.528,67.395
-14.849,2.5515,68.022
-14.987,2.5752,68.652
-15.124,2.5989,69.284
-15.263,2.6228,69.92
-15.402,2.6468,70.559
-15.542,2.6709,71.2
-15.682,2.6951,71.845
-15.823,2.7194,72.493
-15.965,2.7439,73.143
-16.107,2.7684,73.797
-16.25,2.7931,74.453
-16.394,2.8178,75.113
-16.538,2.8427,75.776
-16.683,2.8677,76.441
-16.829,2.8928,77.11
-16.975,2.918,77.781
-17.122,2.9434,78.455
-17.269,2.9688,79.133
-17.417,2.9944,79.813
-17.566,3.0201,80.497
-17.716,3.0458,81.183
-17.866,3.0717,81.873
-18.016,3.0978,82.565
-18.168,3.1239,83.26
-18.32,3.1501,83.959
-18.473,3.1765,84.66
-18.626,3.2029,85.364
-18.78,3.2295,86.072
-18.935,3.2562,86.782
-19.09,3.283,87.495
-19.246,3.3099,88.211
-19.403,3.3369,88.931
-19.56,3.3641,89.653
-19.718,3.3913,90.378
-19.876,3.4187,91.106
-20.035,3.4462,91.838
-20.195,3.4738,92.572
-20.356,3.5015,93.309
-20.517,3.5293,94.049
-20.679,3.5572,94.792
-20.841,3.5853,95.538
-21.004,3.6134,96.288
-21.168,3.6417,97.04
-21.332,3.6701,97.795
-21.497,3.6986,98.553
-21.663,3.7272,99.314
-21.83,3.7559,100.08
-21.997,3.7848,100.85
-22.164,3.8137,101.62
-22.332,3.8428,102.39
-22.501,3.872,103.16
-22.671,3.9013,103.94
-22.841,3.9307,104.73
-23.012,3.9602,105.51
-23.184,3.9898,106.3
-23.356,4.0195,107.09
-23.529,4.0494,107.88
-23.702,4.0794,108.68
-23.876,4.1095,109.48
-24.051,4.1397,110.28
-24.227,4.17,111.09
-24.403,4.2004,111.9
-24.579,4.2309,112.71
-24.757,4.2616,113.52
-24.935,4.2924,114.34
-25.114,4.3232,115.16
-25.293,4.3542,115.99
-25.473,4.3853,116.81
-25.653,4.4165,117.64
-25.835,4.4479,118.48
-26.017,4.4793,119.31
-26.199,4.5109,120.15
-26.383,4.5426,120.99
-26.566,4.5743,121.84
-26.751,4.6062,122.69
-26.936,4.6383,123.54
-27.122,4.6704,124.39
-27.308,4.7026,125.25
-27.496,4.735,126.11
-27.683,4.7674,126.97
-27.872,4.8,127.84
-28.061,4.8327,128.7
-28.251,4.8655,129.58
-28.441,4.8984,130.45
-28.632,4.9315,131.33
-28.824,4.9646,132.21
-29.016,4.9979,133.09
-29.209,5.0313,133.98
-29.403,5.0647,134.87
-29.597,5.0983,135.76
-29.792,5.1321,136.66
-29.987,5.1659,137.55
-30.184,5.1998,138.46
-30.38,5.2339,139.36
-30.578,5.2681,140.27
-30.776,5.3023,141.18
-30.975,5.3367,142.09
-31.174,5.3712,143.01
-31.375,5.4059,143.93
-31.575,5.4406,144.85
-31.777,5.4754,145.77
-31.979,5.5104,146.7
-32.181,5.5455,147.63
-32.385,5.5807,148.57
-32.589,5.616,149.5
-32.793,5.6514,150.44
-32.999,5.6869,151.39
-33.204,5.7225,152.33
-33.411,5.7583,153.28
-33.618,5.7942,154.23
-33.826,5.8301,155.19
-34.034,5.8662,156.15
-34.244,5.9024,157.11
-34.453,5.9387,158.07
-34.664,5.9752,159.04
-34.875,6.0117,160.01
-35.087,6.0484,160.98
-35.299,6.0851,161.96
-35.512,6.122,162.93
-35.725,6.159,163.92
-35.94,6.1961,164.9
-36.155,6.2333,165.89
-36.37,6.2707,166.88
-36.586,6.3081,167.87
-36.803,6.3457,168.87
-37.021,6.3833,169.86
-37.239,6.4211,170.87
-37.457,6.459,171.87
-37.677,6.497,172.88
-37.897,6.5351,173.89
-38.118,6.5733,174.9
-38.339,6.6117,175.92
-38.561,6.6501,176.94
-38.783,6.6887,177.96
-39.007,6.7274,178.99
-39.23,6.7662,180.01
-39.455,6.8051,181.05
-39.68,6.8441,182.08
-39.906,6.8832,183.12
-40.132,6.9224,184.16
-40.359,6.9618,185.2
-40.587,7.0012,186.24
-40.815,7.0408,187.29
-41.044,7.0805,188.34
-41.273,7.1203,189.4
-41.504,7.1602,190.46
-41.734,7.2002,191.52
-41.966,7.2403,192.58
-42.198,7.2805,193.64
-42.431,7.3209,194.71
-42.664,7.3613,195.78
-42.898,7.4019,196.86
-43.132,7.4426,197.94
-43.368,7.4834,199.02
-43.603,7.5243,200.1
-43.84,7.5653,201.18
-44.077,7.6064,202.27
-44.315,7.6476,203.36
-44.553,7.689,204.46
-44.792,7.7304,205.56
-45.031,7.772,206.66
-45.272,7.8136,207.76
-45.513,7.8554,208.86
-45.754,7.8973,209.97
-45.996,7.9393,211.09
-46.239,7.9814,212.2
-46.482,8.0236,213.32
-46.726,8.066,214.44
-46.971,8.1084,215.56
-47.216,8.1509,216.68
-47.461,8.1936,217.81
-47.708,8.2364,218.94
-47.955,8.2792,220.08
-48.203,8.3222,221.22
-48.451,8.3653,222.36
-48.7,8.4085,223.5
-48.949,8.4518,224.64
-49.199,8.4953,225.79
-49.45,8.5388,226.94
-49.701,8.5824,228.1
-49.953,8.6262,229.25
-50.206,8.67,230.41
-50.459,8.714,231.57
-50.713,8.7581,232.74
-50.967,8.8022,233.91
-51.222,8.8465,235.08
-51.478,8.8909,236.25
-51.734,8.9354,237.43
-51.991,8.98,238.61
-52.249,9.0247,239.79
-52.507,9.0696,240.97
-52.765,9.1145,242.16
-53.025,9.1595,243.35
-53.284,9.2047,244.54
-53.545,9.2499,245.74
-53.806,9.2953,246.93
-54.068,9.3408,248.13
-54.33,9.3864,249.34
-54.593,9.432,250.54
-54.857,9.4778,251.75
-55.121,9.5237,252.97
-55.385,9.5697,254.18
-55.651,9.6158,255.4
-55.917,9.662,256.62
-56.183,9.7084,257.84
-56.45,9.7548,259.07
-56.718,9.8013,260.29
-56.986,9.848,261.52
-57.255,9.8947,262.76
-57.525,9.9416,263.99
-57.795,9.9885,265.23
-58.065,10.036,266.47
-58.337,10.083,267.72
-58.609,10.13,268.97
-58.881,10.177,270.22
-59.154,10.225,271.47
-59.428,10.272,272.72
-59.702,10.32,273.98
-59.977,10.368,275.24
-60.252,10.416,276.5
-60.528,10.464,277.77
-60.805,10.512,279.04
-61.082,10.56,280.31
-61.36,10.608,281.58
-61.638,10.657,282.86
-61.917,10.705,284.14
-62.197,10.754,285.42
-62.477,10.803,286.7
-62.757,10.852,287.99
-63.039,10.901,289.28
-63.32,10.95,290.57
-63.603,10.999,291.87
-63.886,11.048,293.16
-64.169,11.097,294.46
-64.453,11.147,295.76
-64.738,11.196,297.07
-65.023,11.246,298.38
-65.309,11.296,299.69
-65.596,11.346,301
-65.883,11.395,302.31
-66.17,11.446,303.63
-66.458,11.496,304.95
-66.747,11.546,306.27
-67.036,11.596,307.6
-67.326,11.647,308.93
-67.616,11.697,310.26
-67.907,11.748,311.59
-68.199,11.799,312.92
-68.491,11.849,314.26
-68.783,11.9,315.6
-69.076,11.951,316.95
-69.37,12.003,318.29
-69.664,12.054,319.64
-69.959,12.105,320.99
-70.254,12.157,322.34
-70.55,12.208,323.7
-70.847,12.26,325.05
-71.144,12.312,326.41
-71.441,12.363,327.77
-71.739,12.415,329.14
-72.038,12.467,330.51
-72.337,12.519,331.88
-72.636,12.572,333.25
-72.937,12.624,334.62
-73.237,12.676,336
-73.539,12.729,337.38
-73.84,12.781,338.76
-74.143,12.834,340.14
-74.446,12.887,341.53
-74.749,12.94,342.92
-75.053,12.993,344.31
-75.357,13.046,345.7
-75.662,13.099,347.1
-75.968,13.152,348.5
-76.274,13.205,349.9
-76.58,13.259,351.3
-76.888,13.312,352.7
-77.195,13.366,354.11
-77.503,13.42,355.52
-77.812,13.473,356.93
-78.121,13.527,358.34
-78.43,13.581,359.76
-78.741,13.635,361.18
-79.051,13.69,362.6
-79.362,13.744,364.02
-79.674,13.798,365.45
-79.986,13.853,366.87
-80.299,13.907,368.3
-80.612,13.962,369.73
-80.926,14.016,371.17
-81.24,14.071,372.6
-81.554,14.126,374.04
-81.869,14.181,375.48
-82.185,14.236,376.93
-82.501,14.291,378.37
-82.818,14.346,379.82
-83.135,14.402,381.27
-83.452,14.457,382.72
-83.77,14.513,384.17
-84.089,14.568,385.62
-84.408,14.624,387.08
-84.727,14.679,388.54
-85.047,14.735,390
-85.368,14.791,391.47
-85.689,14.847,392.93
-86.01,14.903,394.4
-86.332,14.959,395.87
-86.654,15.016,397.34
-86.977,15.072,398.81
-87.3,15.128,400.29
-87.624,15.185,401.77
-87.948,15.241,403.25
-88.272,15.298,404.73
-88.597,15.355,406.21
-88.923,15.411,407.7
-89.249,15.468,409.18
-89.575,15.525,410.67
-89.902,15.582,412.16
-90.229,15.639,413.66
-90.557,15.697,415.15
-90.885,15.754,416.65
-91.213,15.811,418.15
-91.542,15.869,419.65
-91.872,15.926,421.15
-92.202,15.984,422.66
-92.532,16.041,424.16
-92.863,16.099,425.67
-93.194,16.157,427.18
-93.525,16.215,428.69
-93.857,16.273,430.2
-94.19,16.331,431.72
-94.522,16.389,433.24
-94.856,16.447,434.76
-95.189,16.505,436.28
-95.523,16.564,437.8
-95.858,16.622,439.32
-96.192,16.68,440.85
-96.528,16.739,442.37
-96.863,16.798,443.9
-97.199,16.856,445.43
-97.536,16.915,446.96
-97.872,16.974,448.5
-98.209,17.033,450.03
-98.547,17.092,451.57
-98.885,17.151,453.11
-99.223,17.21,454.65
-99.562,17.269,456.19
-99.901,17.328,457.73
-100.24,17.387,459.28
-100.58,17.447,460.82
-100.92,17.506,462.37
-101.26,17.565,463.92
-101.6,17.625,465.47
-101.94,17.684,467.02
-102.28,17.744,468.57
-102.62,17.804,470.13
-102.97,17.863,471.68
-103.31,17.923,473.24
-103.65,17.983,474.8
-104,18.043,476.36
-104.34,18.103,477.92
-104.68,18.163,479.48
-105.03,18.223,481.04
-105.37,18.283,482.61
-105.71,18.343,484.17
-106.06,18.404,485.74
-106.4,18.464,487.31
-106.75,18.524,488.88
-107.1,18.585,490.45
-107.44,18.645,492.02
-107.79,18.706,493.59
-108.13,18.766,495.16
-108.48,18.827,496.74
-108.83,18.887,498.31
-109.18,18.948,499.89
-109.52,19.009,501.46
-109.87,19.069,503.04
-110.22,19.13,504.62
-110.57,19.191,506.2
-110.92,19.252,507.78
-111.26,19.313,509.36
-111.61,19.374,510.95
-111.96,19.435,512.53
-112.31,19.496,514.11
-112.66,19.557,515.7
-113.01,19.618,517.28
-113.36,19.679,518.87
-113.71,19.74,520.46
-114.06,19.802,522.04
-114.41,19.863,523.63
-114.76,19.924,525.22
-115.11,19.985,526.81
-115.46,20.047,528.4
-115.82,20.108,529.99
-116.17,20.169,531.58
-116.52,20.231,533.17
-116.87,20.292,534.76
-117.22,20.354,536.35
-117.57,20.415,537.94
-117.93,20.477,539.53
-118.28,20.538,541.13
-118.63,20.6,542.72
-118.98,20.661,544.31
-119.33,20.723,545.9
-119.69,20.784,547.49
-120.04,20.846,549.09
-120.39,20.907,550.68
-120.74,20.969,552.27
-121.1,21.031,553.87
-121.45,21.092,555.46
-121.8,21.154,557.05
-122.15,21.216,558.64
-122.51,21.277,560.24
-122.86,21.339,561.83
-123.21,21.4,563.42
-123.57,21.462,565.01
-123.92,21.524,566.61
-124.27,21.585,568.2
-124.62,21.647,569.79
-124.98,21.709,571.38
-125.33,21.77,572.97
-125.68,21.832,574.56
-126.04,21.894,576.15
-126.39,21.955,577.74
-126.74,22.017,579.33
-127.09,22.079,580.92
-127.45,22.14,582.51
-127.8,22.202,584.1
-128.15,22.264,585.69
-128.51,22.325,587.28
-128.86,22.387,588.87
-129.21,22.449,590.46
-129.57,22.51,592.05
-129.92,22.572,593.63
-130.27,22.634,595.22
-130.62,22.695,596.81
-130.98,22.757,598.4
-131.33,22.819,599.98
-131.68,22.88,601.57
-132.04,22.942,603.15
-132.39,23.004,604.74
-132.74,23.065,606.32
-133.09,23.127,607.91
-133.45,23.188,609.49
-133.8,23.25,611.08
-134.15,23.312,612.66
-134.5,23.373,614.24
-134.86,23.435,615.82
-135.21,23.496,617.41
-135.56,23.558,618.99
-135.91,23.62,620.57
-136.27,23.681,622.15
-136.62,23.743,623.73
-136.97,23.804,625.31
-137.32,23.866,626.89
-137.68,23.927,628.47
-138.03,23.989,630.04
-138.38,24.05,631.62
-138.73,24.112,633.2
-139.08,24.173,634.77
-139.44,24.235,636.35
-139.79,24.296,637.92
-140.14,24.358,639.5
-140.49,24.419,641.07
-140.84,24.481,642.65
-141.19,24.542,644.22
-141.55,24.603,645.79
-141.9,24.665,647.36
-142.25,24.726,648.93
-142.6,24.787,650.5
-142.95,24.849,652.07
-143.3,24.91,653.64
-143.65,24.971,655.21
-144,25.033,656.78
-144.35,25.094,658.34
-144.71,25.155,659.91
-145.06,25.216,661.47
-145.41,25.278,663.04
-145.76,25.339,664.6
-146.11,25.4,666.17
-146.46,25.461,667.73
-146.81,25.522,669.29
-147.16,25.583,670.85
-147.51,25.645,672.41
-147.86,25.706,673.97
-148.21,25.767,675.53
-148.56,25.828,677.08
-148.91,25.889,678.64
-149.25,25.95,680.2
-149.6,26.011,681.75
-149.95,26.072,683.3
-150.3,26.133,684.86
-150.65,26.194,686.41
-151,26.254,687.96
-151.35,26.315,689.51
-151.7,26.376,691.06
-152.04,26.437,692.61
-152.39,26.498,694.16
-152.74,26.559,695.71
-153.09,26.619,697.25
-153.44,26.68,698.8
-153.78,26.741,700.34
-154.13,26.801,701.89
-154.48,26.862,703.43
-154.83,26.923,704.97
-155.17,26.983,706.51
-155.52,27.044,708.05
-155.87,27.105,709.59
-156.21,27.165,711.13
-156.56,27.226,712.67
-156.91,27.286,714.2
-157.25,27.347,715.74
-157.6,27.407,717.28
-157.95,27.468,718.81
-158.29,27.528,720.34
-158.64,27.588,721.88
-158.98,27.649,723.41
-159.33,27.709,724.94
-159.67,27.769,726.47
-160.02,27.83,728
-160.36,27.89,729.53
-160.71,27.95,731.05
-161.05,28.011,732.58
-161.4,28.071,734.11
-161.74,28.131,735.63
-162.09,28.191,737.16
-162.43,28.251,738.68
-162.78,28.312,740.2
-163.12,28.372,741.72
-163.47,28.432,743.24
-163.81,28.492,744.76
-164.15,28.552,746.28
-164.5,28.612,747.8
-164.84,28.672,749.32
-165.18,28.732,750.83
-165.53,28.792,752.35
-165.87,28.852,753.86
-166.21,28.912,755.38
-166.56,28.971,756.89
-166.9,29.031,758.4
-167.24,29.091,759.91
-167.58,29.151,761.42
-167.93,29.211,762.93
-168.27,29.27,764.44
-168.61,29.33,765.94
-168.95,29.39,767.45
-169.29,29.449,768.95
-169.64,29.509,770.46
-169.98,29.569,771.96
-170.32,29.628,773.46
-170.66,29.688,774.96
-171,29.747,776.46
-171.34,29.807,777.96
-171.68,29.866,779.46
-172.02,29.926,780.96
-172.36,29.985,782.46
-172.7,30.045,783.95
-173.04,30.104,785.45
-173.38,30.164,786.94
-173.72,30.223,788.43
-174.06,30.282,789.93
-174.4,30.341,791.42
-174.74,30.401,792.91
-175.08,30.46,794.4
-175.42,30.519,795.89
-175.76,30.578,797.37
-176.1,30.638,798.86
-176.44,30.697,800.35
-176.78,30.756,801.83
-177.11,30.815,803.32
-177.45,30.874,804.8
-177.79,30.933,806.28
-178.13,30.992,807.76
-178.47,31.051,809.24
-178.8,31.11,810.72
-179.14,31.169,812.2
-179.48,31.228,813.68
-179.82,31.287,815.15
-180.15,31.346,816.63
-180.49,31.405,818.1
-180.83,31.463,819.58
-181.16,31.522,821.05
-181.5,31.581,822.52
-181.84,31.64,823.99
-182.17,31.699,825.46
-182.51,31.757,826.93
-182.85,31.816,828.4
-183.18,31.875,829.87
-183.52,31.933,831.34
-183.85,31.992,832.8
-184.19,32.05,834.26
-184.52,32.109,835.73
-184.86,32.167,837.19
-185.19,32.226,838.65
-185.53,32.284,840.11
-185.86,32.343,841.57
-186.2,32.401,843.03
-186.53,32.459,844.49
-186.87,32.518,845.94
-187.2,32.576,847.4
-187.53,32.634,848.85
-187.87,32.693,850.31
-188.2,32.751,851.76
-188.53,32.809,853.21
-188.87,32.867,854.66
-189.2,32.925,856.11
-189.53,32.983,857.56
-189.86,33.042,859
-190.2,33.1,860.45
-190.53,33.158,861.89
-190.86,33.216,863.34
-191.19,33.273,864.78
-191.52,33.331,866.22
-191.86,33.389,867.66
-192.19,33.447,869.1
-192.52,33.505,870.54
-192.85,33.563,871.97
-193.18,33.62,873.41
-193.51,33.678,874.84
-193.84,33.736,876.28
-194.17,33.793,877.71
-194.5,33.851,879.14
-194.83,33.909,880.57
-195.16,33.966,882
-195.49,34.024,883.43
-195.82,34.081,884.85
-196.15,34.139,886.28
-196.48,34.196,887.7
-196.8,34.253,889.12
-197.13,34.311,890.55
-197.46,34.368,891.97
-197.79,34.425,893.39
-198.12,34.482,894.8
-198.44,34.54,896.22
-198.77,34.597,897.64
-199.1,34.654,899.05
-199.42,34.711,900.46
-199.75,34.768,901.88
-200.08,34.825,903.29
-200.4,34.882,904.7
-200.73,34.939,906.11
-201.06,34.996,907.51
-201.38,35.053,908.92
-201.71,35.11,910.32
-202.03,35.166,911.73
-202.36,35.223,913.13
-202.68,35.28,914.53
-203.01,35.337,915.93
-203.33,35.393,917.33
-203.66,35.45,918.73
-203.98,35.507,920.13
-204.3,35.563,921.52
-204.63,35.62,922.92
-204.95,35.676,924.31
-205.27,35.733,925.7
-205.6,35.789,927.09
-205.92,35.845,928.48
-206.24,35.902,929.87
-206.56,35.958,931.26
-206.89,36.014,932.65
-207.21,36.071,934.03
-207.53,36.127,935.42
-207.85,36.183,936.8
-208.17,36.239,938.18
-208.5,36.295,939.56
-208.82,36.352,940.94
-209.14,36.408,942.32
-209.46,36.464,943.7
-209.78,36.52,945.08
-210.1,36.576,946.45
-210.42,36.632,947.83
-210.74,36.688,949.2
-211.06,36.743,950.57
-211.38,36.799,951.95
-211.7,36.855,953.32
-212.02,36.911,954.69
-212.34,36.967,956.05
-212.66,37.022,957.42
-212.98,37.078,958.79
-213.3,37.134,960.15
-213.61,37.189,961.52
-213.93,37.245,962.88
-214.25,37.301,964.24
-214.57,37.356,965.6
-214.89,37.412,966.96
-215.2,37.467,968.32
-215.52,37.523,969.68
-215.84,37.578,971.04
-216.16,37.633,972.39
-216.47,37.689,973.75
-216.79,37.744,975.1
-217.11,37.799,976.45
-217.42,37.855,977.8
-217.74,37.91,979.15
-218.05,37.965,980.5
-218.37,38.02,981.85
-218.69,38.076,983.2
-219,38.131,984.55
-219.32,38.186,985.89
-219.63,38.241,987.24
-219.95,38.296,988.58
-220.26,38.351,989.92
-220.58,38.406,991.26
-220.89,38.461,992.6
-221.21,38.516,993.94
-221.52,38.571,995.28
-221.84,38.626,996.62
-222.15,38.681,997.96
-222.46,38.735,999.29
-222.78,38.79,1000.6
-223.09,38.845,1002
-223.4,38.9,1003.3
-223.72,38.954,1004.6
-224.03,39.009,1006
-224.34,39.064,1007.3
-224.66,39.118,1008.6
-224.97,39.173,1009.9
-225.28,39.228,1011.3
-225.59,39.282,1012.6
-225.9,39.337,1013.9
-226.22,39.391,1015.2
-226.53,39.446,1016.6
-226.84,39.5,1017.9
-227.15,39.554,1019.2
-227.46,39.609,1020.5
-227.77,39.663,1021.8
-228.08,39.718,1023.2
-228.4,39.772,1024.5
-228.71,39.826,1025.8
-229.02,39.88,1027.1
-229.33,39.935,1028.4
-229.64,39.989,1029.7
-229.95,40.043,1031.1
-230.26,40.097,1032.4
-230.57,40.151,1033.7
-230.88,40.205,1035
-231.19,40.259,1036.3
-231.5,40.313,1037.6
-231.8,40.368,1038.9
-232.11,40.421,1040.2
-232.42,40.475,1041.5
-232.73,40.529,1042.8
-233.04,40.583,1044.1
-233.35,40.637,1045.4
-233.66,40.691,1046.7
-233.96,40.745,1048
-234.27,40.799,1049.3
-234.58,40.853,1050.6
-234.89,40.906,1051.9
-235.2,40.96,1053.2
-235.5,41.014,1054.5
-235.81,41.067,1055.8
-236.12,41.121,1057.1
-236.42,41.175,1058.4
-236.73,41.228,1059.7
-237.04,41.282,1061
-237.34,41.336,1062.3
-237.65,41.389,1063.6
-237.96,41.443,1064.9
-238.26,41.496,1066.1
-238.57,41.55,1067.4
-238.87,41.603,1068.7
-239.18,41.656,1070
-239.49,41.71,1071.3
-239.79,41.763,1072.6
-240.1,41.817,1073.9
-240.4,41.87,1075.1
-240.71,41.923,1076.4
-241.01,41.976,1077.7
-241.32,42.03,1079
-241.62,42.083,1080.3
-241.92,42.136,1081.5
-242.23,42.189,1082.8
-242.53,42.243,1084.1
-242.84,42.296,1085.4
-243.14,42.349,1086.6
-243.44,42.402,1087.9
-243.75,42.455,1089.2
-244.05,42.508,1090.4
-244.35,42.561,1091.7
-244.66,42.614,1093
-244.96,42.667,1094.3
-245.26,42.72,1095.5
-245.57,42.773,1096.8
-245.87,42.826,1098.1
-246.17,42.879,1099.3
-246.47,42.931,1100.6
-246.78,42.984,1101.9
-247.08,43.037,1103.1
-247.38,43.09,1104.4
-247.68,43.143,1105.6
-247.98,43.195,1106.9
-248.29,43.248,1108.2
-248.59,43.301,1109.4
-248.89,43.353,1110.7
-249.19,43.406,1111.9
-249.49,43.459,1113.2
-249.79,43.511,1114.4
-250.09,43.564,1115.7
-250.39,43.616,1117
-250.69,43.669,1118.2
-250.99,43.722,1119.5
-251.29,43.774,1120.7
-251.59,43.826,1122
-251.89,43.879,1123.2
-252.19,43.931,1124.5
-252.49,43.984,1125.7
-252.79,44.036,1127
-253.09,44.089,1128.2
-253.39,44.141,1129.4
-253.69,44.193,1130.7
-253.99,44.245,1131.9
-254.29,44.298,1133.2
-254.59,44.35,1134.4
-254.89,44.402,1135.7
-255.19,44.454,1136.9
-255.48,44.507,1138.1
-255.78,44.559,1139.4
-256.08,44.611,1140.6
-256.38,44.663,1141.9
-256.68,44.715,1143.1
-256.98,44.767,1144.3
-257.27,44.819,1145.6
-257.57,44.871,1146.8
-257.87,44.923,1148
-258.17,44.975,1149.3
-258.46,45.027,1150.5
-258.76,45.079,1151.7
-259.06,45.131,1153
-259.35,45.183,1154.2
-259.65,45.235,1155.4
-259.95,45.287,1156.6
-260.24,45.339,1157.9
-260.54,45.391,1159.1
-260.84,45.442,1160.3
-261.13,45.494,1161.5
-261.43,45.546,1162.8
-261.72,45.598,1164
-262.02,45.649,1165.2
-262.32,45.701,1166.4
-262.61,45.753,1167.7
-262.91,45.804,1168.9
-263.2,45.856,1170.1
-263.5,45.908,1171.3
-263.79,45.959,1172.5
-264.09,46.011,1173.7
-264.38,46.062,1175
-264.68,46.114,1176.2
-264.97,46.165,1177.4
-265.27,46.217,1178.6
-265.56,46.268,1179.8
-265.85,46.32,1181
-266.15,46.371,1182.2
-266.44,46.423,1183.5
-266.74,46.474,1184.7
-267.03,46.525,1185.9
-267.32,46.577,1187.1
-267.62,46.628,1188.3
-267.91,46.679,1189.5
-268.2,46.731,1190.7
-268.5,46.782,1191.9
-268.79,46.833,1193.1
-269.08,46.885,1194.3
-269.38,46.936,1195.5
-269.67,46.987,1196.7
-269.96,47.038,1197.9
-270.25,47.089,1199.1
-270.55,47.14,1200.3
-270.84,47.192,1201.5
-271.13,47.243,1202.7
-271.42,47.294,1203.9
-271.72,47.345,1205.1
-272.01,47.396,1206.3
-272.3,47.447,1207.5
-272.59,47.498,1208.7
-272.88,47.549,1209.9
-273.17,47.6,1211.1
-273.47,47.651,1212.3
-273.76,47.702,1213.5
-274.05,47.753,1214.7
-274.34,47.803,1215.9
-274.63,47.854,1217.1
-274.92,47.905,1218.2
-275.21,47.956,1219.4
-275.5,48.007,1220.6
-275.79,48.058,1221.8
-276.08,48.108,1223
-276.37,48.159,1224.2
-276.66,48.21,1225.4
-276.95,48.261,1226.5
-277.24,48.311,1227.7
-277.53,48.362,1228.9
-277.82,48.413,1230.1
-278.11,48.463,1231.3
-278.4,48.514,1232.5
-278.69,48.565,1233.6
-278.98,48.615,1234.8
-279.27,48.666,1236
-279.56,48.716,1237.2
-279.85,48.767,1238.3
-280.13,48.817,1239.5
-280.42,48.868,1240.7
-280.71,48.918,1241.9
-281,48.969,1243
-281.29,49.019,1244.2
-281.58,49.07,1245.4
-281.86,49.12,1246.6
-282.15,49.17,1247.7
-282.44,49.221,1248.9
-282.73,49.271,1250.1
-283.02,49.321,1251.2
-283.3,49.372,1252.4
-283.59,49.422,1253.6
-283.88,49.472,1254.7
-284.17,49.523,1255.9
-284.45,49.573,1257.1
-284.74,49.623,1258.2
-285.03,49.673,1259.4
-285.31,49.723,1260.6
-285.6,49.774,1261.7
-285.89,49.824,1262.9
-286.17,49.874,1264.1
-286.46,49.924,1265.2
-286.75,49.974,1266.4
-287.03,50.024,1267.5
-287.32,50.074,1268.7
-287.61,50.124,1269.8
-287.89,50.174,1271
-288.18,50.224,1272.2
-288.46,50.274,1273.3
-288.75,50.324,1274.5
-289.03,50.374,1275.6
-289.32,50.424,1276.8
-289.6,50.474,1277.9
-289.89,50.524,1279.1
-290.18,50.574,1280.2
-290.46,50.624,1281.4
-290.75,50.674,1282.5
-291.03,50.723,1283.7
-291.31,50.773,1284.8
-291.6,50.823,1286
-291.88,50.873,1287.1
-292.17,50.923,1288.3
-292.45,50.972,1289.4
-292.74,51.022,1290.6
-293.02,51.072,1291.7
-293.3,51.121,1292.9
-293.59,51.171,1294
-293.87,51.221,1295.1
-294.16,51.27,1296.3
-294.44,51.32,1297.4
-294.72,51.37,1298.6
-295.01,51.419,1299.7
-295.29,51.469,1300.8
-295.57,51.518,1302
-295.86,51.568,1303.1
-296.14,51.618,1304.3
-296.42,51.667,1305.4
-296.71,51.717,1306.5
-296.99,51.766,1307.7
-297.27,51.815,1308.8
-297.55,51.865,1309.9
-297.84,51.914,1311.1
-298.12,51.964,1312.2
-298.4,52.013,1313.3
-298.68,52.062,1314.5
-298.96,52.112,1315.6
-299.25,52.161,1316.7
-299.53,52.211,1317.9
-299.81,52.26,1319
-300.09,52.309,1320.1
-300.37,52.358,1321.2
-300.66,52.408,1322.4
-300.94,52.457,1323.5
-301.22,52.506,1324.6
-301.5,52.555,1325.7
-301.78,52.605,1326.9
-302.06,52.654,1328
-302.34,52.703,1329.1
-302.62,52.752,1330.2
-302.9,52.801,1331.4
-303.18,52.85,1332.5
-303.47,52.899,1333.6
-303.75,52.948,1334.7
-304.03,52.998,1335.8
-304.31,53.047,1337
-304.59,53.096,1338.1
-304.87,53.145,1339.2
-305.15,53.194,1340.3
-305.43,53.243,1341.4
-305.71,53.292,1342.5
-305.99,53.341,1343.6
-306.27,53.389,1344.8
-306.55,53.438,1345.9
-306.82,53.487,1347
-307.1,53.536,1348.1
-307.38,53.585,1349.2
-307.66,53.634,1350.3
-307.94,53.683,1351.4
-308.22,53.732,1352.5
-308.5,53.78,1353.6
-308.78,53.829,1354.8
-309.06,53.878,1355.9
-309.34,53.927,1357
-309.61,53.975,1358.1
-309.89,54.024,1359.2
-310.17,54.073,1360.3
-310.45,54.122,1361.4
-310.73,54.17,1362.5
-311.01,54.219,1363.6
-311.28,54.268,1364.7
-311.56,54.316,1365.8
-311.84,54.365,1366.9
-312.12,54.414,1368
-312.39,54.462,1369.1
-312.67,54.511,1370.2
-312.95,54.559,1371.3
-313.23,54.608,1372.4
-313.5,54.656,1373.5
-313.78,54.705,1374.6
-314.06,54.753,1375.7
-314.34,54.802,1376.8
-314.61,54.85,1377.9
-314.89,54.899,1379
-315.17,54.947,1380.1
-315.44,54.996,1381.2
-315.72,55.044,1382.2
-316,55.092,1383.3
-316.27,55.141,1384.4
-316.55,55.189,1385.5
-316.82,55.238,1386.6
-317.1,55.286,1387.7
-317.38,55.334,1388.8
-317.65,55.382,1389.9
-317.93,55.431,1391
-318.2,55.479,1392
-318.48,55.527,1393.1
-318.76,55.576,1394.2
-319.03,55.624,1395.3
-319.31,55.672,1396.4
-319.58,55.72,1397.5
-319.86,55.768,1398.6
-320.13,55.817,1399.6
-320.41,55.865,1400.7
-320.68,55.913,1401.8
-320.96,55.961,1402.9
-321.23,56.009,1404
-321.51,56.057,1405
-321.78,56.105,1406.1
-322.06,56.153,1407.2
-322.33,56.201,1408.3
-322.61,56.249,1409.3
-322.88,56.297,1410.4
-323.15,56.345,1411.5
-323.43,56.393,1412.6
-323.7,56.441,1413.6
-323.98,56.489,1414.7
-324.25,56.537,1415.8
-324.52,56.585,1416.9
-324.8,56.633,1417.9
-325.07,56.681,1419
-325.34,56.729,1420.1
-325.62,56.777,1421.2
-325.89,56.825,1422.2
-326.16,56.873,1423.3
-326.44,56.92,1424.4
-326.71,56.968,1425.4
-326.98,57.016,1426.5
-327.26,57.064,1427.6
-327.53,57.112,1428.6
-327.8,57.159,1429.7
-328.08,57.207,1430.8
-328.35,57.255,1431.8
-328.62,57.303,1432.9
-328.89,57.35,1433.9
-329.17,57.398,1435
-329.44,57.446,1436.1
-329.71,57.493,1437.1
-329.98,57.541,1438.2
-330.25,57.589,1439.3
-330.53,57.636,1440.3
-330.8,57.684,1441.4
-331.07,57.731,1442.4
-331.34,57.779,1443.5
-331.61,57.827,1444.5
-331.89,57.874,1445.6
-332.16,57.922,1446.7
-332.43,57.969,1447.7
-332.7,58.017,1448.8
-332.97,58.064,1449.8
-333.24,58.112,1450.9
-333.51,58.159,1451.9
-333.78,58.207,1453
-334.06,58.254,1454
-334.33,58.301,1455.1
-334.6,58.349,1456.1
-334.87,58.396,1457.2
-335.14,58.444,1458.2
-335.41,58.491,1459.3
-335.68,58.538,1460.3
-335.95,58.586,1461.4
-336.22,58.633,1462.4
-336.49,58.68,1463.5
-336.76,58.728,1464.5
-337.03,58.775,1465.6
-337.3,58.822,1466.6
-337.57,58.87,1467.7
-337.84,58.917,1468.7
-338.11,58.964,1469.7
-338.38,59.011,1470.8
-338.65,59.058,1471.8
-338.92,59.106,1472.9
-339.19,59.153,1473.9
-339.46,59.2,1474.9
-339.73,59.247,1476
-340,59.294,1477
-340.27,59.341,1478.1
-340.53,59.389,1479.1
-340.8,59.436,1480.1
-341.07,59.483,1481.2
-341.34,59.53,1482.2
-341.61,59.577,1483.2
-341.88,59.624,1484.3
-342.15,59.671,1485.3
-342.42,59.718,1486.4
-342.68,59.765,1487.4
-342.95,59.812,1488.4
-343.22,59.859,1489.5
-343.49,59.906,1490.5
-343.76,59.953,1491.5
-344.03,60,1492.5
-344.29,60.047,1493.6
-344.56,60.094,1494.6
-344.83,60.141,1495.6
-345.1,60.187,1496.7
-345.36,60.234,1497.7
-345.63,60.281,1498.7
-345.9,60.328,1499.7
-346.17,60.375,1500.8
-346.43,60.422,1501.8
-346.7,60.468,1502.8
-346.97,60.515,1503.8
-347.24,60.562,1504.9
-347.5,60.609,1505.9
-347.77,60.656,1506.9
-348.04,60.702,1507.9
-348.3,60.749,1509
-348.57,60.796,1510
-348.84,60.843,1511
-349.1,60.889,1512
-349.37,60.936,1513
-349.64,60.983,1514.1
-349.9,61.029,1515.1
-350.17,61.076,1516.1
-350.44,61.122,1517.1
-350.7,61.169,1518.1
-350.97,61.216,1519.1
-351.23,61.262,1520.2
-351.5,61.309,1521.2
-351.77,61.355,1522.2
-352.03,61.402,1523.2
-352.3,61.449,1524.2
-352.56,61.495,1525.2
-352.83,61.542,1526.2
-353.09,61.588,1527.3
-353.36,61.635,1528.3
-353.63,61.681,1529.3
-353.89,61.728,1530.3
-354.16,61.774,1531.3
-354.42,61.82,1532.3
-354.69,61.867,1533.3
-354.95,61.913,1534.3
-355.22,61.96,1535.3
-355.48,62.006,1536.3
-355.75,62.052,1537.3
-356.01,62.099,1538.3
-356.28,62.145,1539.3
-356.54,62.191,1540.4
-356.8,62.238,1541.4
-357.07,62.284,1542.4
-357.33,62.33,1543.4
-357.6,62.377,1544.4
-357.86,62.423,1545.4
-358.13,62.469,1546.4
-358.39,62.515,1547.4
-358.65,62.562,1548.4
-358.92,62.608,1549.4
-359.18,62.654,1550.4
-359.45,62.7,1551.4
-359.71,62.747,1552.4
-359.97,62.793,1553.4
-360.24,62.839,1554.4
-360.5,62.885,1555.4
-360.76,62.931,1556.4
-361.03,62.977,1557.3
-361.29,63.023,1558.3
-361.55,63.07,1559.3
-361.82,63.116,1560.3
-362.08,63.162,1561.3
-362.34,63.208,1562.3
-362.61,63.254,1563.3
-362.87,63.3,1564.3
-363.13,63.346,1565.3
-363.39,63.392,1566.3
-363.66,63.438,1567.3
-363.92,63.484,1568.3
-364.18,63.53,1569.2
-364.44,63.576,1570.2
-364.71,63.622,1571.2
-364.97,63.668,1572.2
-365.23,63.714,1573.2
-365.49,63.76,1574.2
-365.76,63.806,1575.2
-366.02,63.852,1576.2
-366.28,63.897,1577.1
-366.54,63.943,1578.1
-366.8,63.989,1579.1
-367.07,64.035,1580.1
-367.33,64.081,1581.1
-367.59,64.127,1582.1
-367.85,64.173,1583
-368.11,64.218,1584
-368.37,64.264,1585
-368.63,64.31,1586
-368.9,64.356,1587
-369.16,64.401,1587.9
-369.42,64.447,1588.9
-369.68,64.493,1589.9
-369.94,64.539,1590.9
-370.2,64.584,1591.9
-370.46,64.63,1592.8
-370.72,64.676,1593.8
-370.98,64.721,1594.8
-371.24,64.767,1595.8
-371.51,64.813,1596.7
-371.77,64.858,1597.7
-372.03,64.904,1598.7
-372.29,64.95,1599.6
-372.55,64.995,1600.6
-372.81,65.041,1601.6
-373.07,65.086,1602.6
-373.33,65.132,1603.5
-373.59,65.178,1604.5
-373.85,65.223,1605.5
-374.11,65.269,1606.4
-374.37,65.314,1607.4
-374.63,65.36,1608.4
-374.89,65.405,1609.3
-375.15,65.451,1610.3
-375.41,65.496,1611.3
-375.67,65.542,1612.2
-375.93,65.587,1613.2
-376.19,65.633,1614.2
-376.44,65.678,1615.1
-376.7,65.723,1616.1
-376.96,65.769,1617.1
-377.22,65.814,1618
-377.48,65.86,1619
-377.74,65.905,1620
-378,65.95,1620.9
-378.26,65.996,1621.9
-378.52,66.041,1622.8
-378.78,66.086,1623.8
-379.03,66.132,1624.8
-379.29,66.177,1625.7
-379.55,66.222,1626.7
-379.81,66.268,1627.6
-380.07,66.313,1628.6
-380.33,66.358,1629.5
-380.59,66.404,1630.5
-380.84,66.449,1631.5
-381.1,66.494,1632.4
-381.36,66.539,1633.4
-381.62,66.584,1634.3
-381.88,66.63,1635.3
-382.13,66.675,1636.2
-382.39,66.72,1637.2
-382.65,66.765,1638.1
-382.91,66.81,1639.1
-383.17,66.855,1640
-383.42,66.901,1641
-383.68,66.946,1641.9
-383.94,66.991,1642.9
-384.2,67.036,1643.8
-384.45,67.081,1644.8
-384.71,67.126,1645.7
-384.97,67.171,1646.7
-385.22,67.216,1647.6
-385.48,67.261,1648.6
-385.74,67.306,1649.5
-386,67.351,1650.5
-386.25,67.396,1651.4
-386.51,67.441,1652.4
-386.77,67.486,1653.3
-387.02,67.531,1654.2
-387.28,67.576,1655.2
-387.54,67.621,1656.1
-387.79,67.666,1657.1
-388.05,67.711,1658
-388.31,67.756,1659
-388.56,67.801,1659.9
-388.82,67.846,1660.8
-389.07,67.891,1661.8
-389.33,67.936,1662.7
-389.59,67.981,1663.7
-389.84,68.025,1664.6
-390.1,68.07,1665.5
-390.35,68.115,1666.5
-390.61,68.16,1667.4
-390.87,68.205,1668.3
-391.12,68.25,1669.3
-391.38,68.294,1670.2
-391.63,68.339,1671.2
-391.89,68.384,1672.1
-392.14,68.429,1673
-392.4,68.474,1674
-392.66,68.518,1674.9
-392.91,68.563,1675.8
-393.17,68.608,1676.8
-393.42,68.652,1677.7
-393.68,68.697,1678.6
-393.93,68.742,1679.5
-394.19,68.787,1680.5
-394.44,68.831,1681.4
-394.7,68.876,1682.3
-394.95,68.92,1683.3
-395.21,68.965,1684.2
-395.46,69.01,1685.1
-395.72,69.054,1686
-395.97,69.099,1687
-396.22,69.144,1687.9
-396.48,69.188,1688.8
-396.73,69.233,1689.7
-396.99,69.277,1690.7
-397.24,69.322,1691.6
-397.5,69.366,1692.5
-397.75,69.411,1693.4
-398,69.456,1694.4
-398.26,69.5,1695.3
-398.51,69.545,1696.2
-398.77,69.589,1697.1
-399.02,69.634,1698.1
-399.27,69.678,1699
-399.53,69.722,1699.9
-399.78,69.767,1700.8
-400.04,69.811,1701.7
-400.29,69.856,1702.7
-400.54,69.9,1703.6
-400.8,69.945,1704.5
-401.05,69.989,1705.4
-401.3,70.033,1706.3
-401.56,70.078,1707.2
-401.81,70.122,1708.2
-402.06,70.167,1709.1
-402.32,70.211,1710
-402.57,70.255,1710.9
-402.82,70.3,1711.8
-403.07,70.344,1712.7
-403.33,70.388,1713.6
-403.58,70.433,1714.5
-403.83,70.477,1715.5
-404.09,70.521,1716.4
-404.34,70.565,1717.3
-404.59,70.61,1718.2
-404.84,70.654,1719.1
-405.1,70.698,1720
-405.35,70.742,1720.9
-405.6,70.787,1721.8
-405.85,70.831,1722.7
-406.1,70.875,1723.6
-406.36,70.919,1724.5
-406.61,70.963,1725.5
-406.86,71.008,1726.4
-407.11,71.052,1727.3
-407.37,71.096,1728.2
-407.62,71.14,1729.1
-407.87,71.184,1730
-408.12,71.228,1730.9
-408.37,71.272,1731.8
-408.62,71.316,1732.7
-408.88,71.361,1733.6
-409.13,71.405,1734.5
-409.38,71.449,1735.4
-409.63,71.493,1736.3
-409.88,71.537,1737.2
-410.13,71.581,1738.1
-410.38,71.625,1739
-410.64,71.669,1739.9
-410.89,71.713,1740.8
-411.14,71.757,1741.7
-411.39,71.801,1742.6
-411.64,71.845,1743.5
-411.89,71.889,1744.4
-412.14,71.933,1745.3
-412.39,71.977,1746.2
-412.64,72.021,1747.1
-412.89,72.065,1748
-413.14,72.109,1748.9
-413.39,72.153,1749.8
-413.65,72.196,1750.6
-413.9,72.24,1751.5
-414.15,72.284,1752.4
-414.4,72.328,1753.3
-414.65,72.372,1754.2
-414.9,72.416,1755.1
-415.15,72.46,1756
-415.4,72.504,1756.9
-415.65,72.547,1757.8
-415.9,72.591,1758.7
-416.15,72.635,1759.6
-416.4,72.679,1760.4
-416.65,72.723,1761.3
-416.9,72.766,1762.2
-417.15,72.81,1763.1
-417.4,72.854,1764
-417.65,72.898,1764.9
-417.9,72.941,1765.8
-418.14,72.985,1766.6
-418.39,73.029,1767.5
-418.64,73.073,1768.4
-418.89,73.116,1769.3
-419.14,73.16,1770.2
-419.39,73.204,1771.1
-419.64,73.247,1771.9
-419.89,73.291,1772.8
-420.14,73.335,1773.7
-420.39,73.378,1774.6
-420.64,73.422,1775.5
-420.89,73.466,1776.4
-421.13,73.509,1777.2
-421.38,73.553,1778.1
-421.63,73.596,1779
-421.88,73.64,1779.9
-422.13,73.684,1780.7
-422.38,73.727,1781.6
-422.63,73.771,1782.5
-422.88,73.814,1783.4
-423.12,73.858,1784.3
-423.37,73.901,1785.1
-423.62,73.945,1786
-423.87,73.988,1786.9
-424.12,74.032,1787.8
-424.37,74.075,1788.6
-424.61,74.119,1789.5
-424.86,74.162,1790.4
-425.11,74.206,1791.2
-425.36,74.249,1792.1
-425.61,74.293,1793
-425.85,74.336,1793.9
-426.1,74.38,1794.7
-426.35,74.423,1795.6
-426.6,74.467,1796.5
-426.84,74.51,1797.3
-427.09,74.553,1798.2
-427.34,74.597,1799.1
-427.59,74.64,1799.9
-427.83,74.683,1800.8
-428.08,74.727,1801.7
-428.33,74.77,1802.5
-428.58,74.814,1803.4
-428.82,74.857,1804.3
-429.07,74.9,1805.1
-429.32,74.944,1806
-429.56,74.987,1806.9
-429.81,75.03,1807.7
-430.06,75.073,1808.6
-430.31,75.117,1809.5
-430.55,75.16,1810.3
-430.8,75.203,1811.2
-431.05,75.246,1812
-431.29,75.29,1812.9
-431.54,75.333,1813.8
-431.79,75.376,1814.6
-432.03,75.419,1815.5
-432.28,75.463,1816.3
-432.53,75.506,1817.2
-432.77,75.549,1818.1
-433.02,75.592,1818.9
-433.26,75.635,1819.8
-433.51,75.679,1820.6
-433.76,75.722,1821.5
-434,75.765,1822.4
-434.25,75.808,1823.2
-434.49,75.851,1824.1
-434.74,75.894,1824.9
-434.99,75.937,1825.8
-435.23,75.98,1826.6
-435.48,76.024,1827.5
-435.72,76.067,1828.3
-435.97,76.11,1829.2
-436.22,76.153,1830
-436.46,76.196,1830.9
-436.71,76.239,1831.7
-436.95,76.282,1832.6
-437.2,76.325,1833.4
-437.44,76.368,1834.3
-437.69,76.411,1835.1
-437.93,76.454,1836
-438.18,76.497,1836.8
-438.42,76.54,1837.7
-438.67,76.583,1838.5
-438.91,76.626,1839.4
-439.16,76.669,1840.2
-439.4,76.712,1841.1
-439.65,76.755,1841.9
-439.89,76.798,1842.8
-440.14,76.841,1843.6
-440.38,76.884,1844.5
-440.63,76.926,1845.3
-440.87,76.969,1846.1
-441.12,77.012,1847
-441.36,77.055,1847.8
-441.61,77.098,1848.7
-441.85,77.141,1849.5
-442.1,77.184,1850.4
-442.34,77.227,1851.2
-442.58,77.269,1852
-442.83,77.312,1852.9
-443.07,77.355,1853.7
-443.32,77.398,1854.6
-443.56,77.441,1855.4
-443.81,77.484,1856.2
-444.05,77.526,1857.1
-444.29,77.569,1857.9
-444.54,77.612,1858.8
-444.78,77.655,1859.6
-445.03,77.697,1860.4
-445.27,77.74,1861.3
-445.51,77.783,1862.1
-445.76,77.826,1862.9
-446,77.868,1863.8
-446.24,77.911,1864.6
-446.49,77.954,1865.4
-446.73,77.996,1866.3
-446.97,78.039,1867.1
-447.22,78.082,1867.9
-447.46,78.124,1868.8
-447.7,78.167,1869.6
-447.95,78.21,1870.4
-448.19,78.252,1871.3
-448.43,78.295,1872.1
-448.68,78.338,1872.9
-448.92,78.38,1873.8
-449.16,78.423,1874.6
-449.41,78.466,1875.4
-449.65,78.508,1876.2
-449.89,78.551,1877.1
-450.14,78.593,1877.9
-450.38,78.636,1878.7
-450.62,78.678,1879.6
-450.86,78.721,1880.4
-451.11,78.764,1881.2
-451.35,78.806,1882
-451.59,78.849,1882.9
-451.83,78.891,1883.7
-452.08,78.934,1884.5
-452.32,78.976,1885.3
-452.56,79.019,1886.2
-452.8,79.061,1887
-453.05,79.104,1887.8
-453.29,79.146,1888.6
-453.53,79.188,1889.4
-453.77,79.231,1890.3
-454.01,79.273,1891.1
-454.26,79.316,1891.9
-454.5,79.358,1892.7
-454.74,79.401,1893.5
-454.98,79.443,1894.4
-455.22,79.486,1895.2
-455.47,79.528,1896
-455.71,79.57,1896.8
-455.95,79.613,1897.6
-456.19,79.655,1898.5
-456.43,79.697,1899.3
-456.67,79.74,1900.1
-456.92,79.782,1900.9
-457.16,79.824,1901.7
-457.4,79.867,1902.5
-457.64,79.909,1903.3
-457.88,79.951,1904.2
-458.12,79.994,1905
-458.36,80.036,1905.8
-458.6,80.078,1906.6
-458.85,80.121,1907.4
-459.09,80.163,1908.2
-459.33,80.205,1909
-459.57,80.247,1909.8
-459.81,80.29,1910.7
-460.05,80.332,1911.5
-460.29,80.374,1912.3
-460.53,80.416,1913.1
-460.77,80.459,1913.9
-461.01,80.501,1914.7
-461.25,80.543,1915.5
-461.49,80.585,1916.3
-461.74,80.627,1917.1
-461.98,80.67,1917.9
-462.22,80.712,1918.7
-462.46,80.754,1919.5
-462.7,80.796,1920.4
-462.94,80.838,1921.2
-463.18,80.88,1922
-463.42,80.922,1922.8
-463.66,80.965,1923.6
-463.9,81.007,1924.4
-464.14,81.049,1925.2
-464.38,81.091,1926
-464.62,81.133,1926.8
-464.86,81.175,1927.6
-465.1,81.217,1928.4
-465.34,81.259,1929.2
-465.58,81.301,1930
-465.82,81.343,1930.8
-466.06,81.385,1931.6
-466.3,81.427,1932.4
-466.54,81.469,1933.2
-466.78,81.511,1934
-467.02,81.553,1934.8
-467.26,81.596,1935.6
-467.49,81.638,1936.4
-467.73,81.679,1937.2
-467.97,81.721,1938
-468.21,81.763,1938.8
-468.45,81.805,1939.6
-468.69,81.847,1940.4
-468.93,81.889,1941.2
-469.17,81.931,1942
-469.41,81.973,1942.7
-469.65,82.015,1943.5
-469.89,82.057,1944.3
-470.13,82.099,1945.1
-470.37,82.141,1945.9
-470.6,82.183,1946.7
-470.84,82.225,1947.5
-471.08,82.267,1948.3
-471.32,82.308,1949.1
-471.56,82.35,1949.9
-471.8,82.392,1950.7
-472.04,82.434,1951.5
-472.27,82.476,1952.2
-472.51,82.518,1953
-472.75,82.56,1953.8
-472.99,82.601,1954.6
-473.23,82.643,1955.4
-473.47,82.685,1956.2
-473.71,82.727,1957
-473.94,82.769,1957.8
-474.18,82.81,1958.5
-474.42,82.852,1959.3
-474.66,82.894,1960.1
-474.9,82.936,1960.9
-475.13,82.977,1961.7
-475.37,83.019,1962.5
-475.61,83.061,1963.3
-475.85,83.103,1964
-476.09,83.144,1964.8
-476.32,83.186,1965.6
-476.56,83.228,1966.4
-476.8,83.269,1967.2
-477.04,83.311,1967.9
-477.27,83.353,1968.7
-477.51,83.395,1969.5
-477.75,83.436,1970.3
-477.99,83.478,1971.1
-478.23,83.519,1971.8
-478.46,83.561,1972.6
-478.7,83.603,1973.4
-478.94,83.644,1974.2
-479.17,83.686,1975
-479.41,83.728,1975.7
-479.65,83.769,1976.5
-479.89,83.811,1977.3
-480.12,83.852,1978.1
-480.36,83.894,1978.8
-480.6,83.936,1979.6
-480.83,83.977,1980.4
-481.07,84.019,1981.2
-481.31,84.06,1981.9
-481.55,84.102,1982.7
-481.78,84.143,1983.5
-482.02,84.185,1984.3
-482.26,84.227,1985
-482.49,84.268,1985.8
-482.73,84.31,1986.6
-482.97,84.351,1987.3
-483.2,84.393,1988.1
-483.44,84.434,1988.9
-483.68,84.476,1989.7
-483.91,84.517,1990.4
-484.15,84.558,1991.2
-484.38,84.6,1992
-484.62,84.641,1992.7
-484.86,84.683,1993.5
-485.09,84.724,1994.3
-485.33,84.766,1995
-485.57,84.807,1995.8
-485.8,84.849,1996.6
-486.04,84.89,1997.3
-486.27,84.931,1998.1
-486.51,84.973,1998.9
-486.75,85.014,1999.6
-486.98,85.056,2000.4
-487.22,85.097,2001.2
-487.45,85.138,2001.9
-487.69,85.18,2002.7
-487.92,85.221,2003.4
-488.16,85.262,2004.2
-488.4,85.304,2005
-488.63,85.345,2005.7
-488.87,85.386,2006.5
-489.1,85.428,2007.3
-489.34,85.469,2008
-489.57,85.51,2008.8
-489.81,85.552,2009.5
-490.04,85.593,2010.3
-490.28,85.634,2011.1
-490.52,85.675,2011.8
-490.75,85.717,2012.6
-490.99,85.758,2013.3
-491.22,85.799,2014.1
-491.46,85.841,2014.8
-491.69,85.882,2015.6
-491.93,85.923,2016.4
-492.16,85.964,2017.1
-492.4,86.005,2017.9
-492.63,86.047,2018.6
-492.87,86.088,2019.4
-493.1,86.129,2020.1
-493.34,86.17,2020.9
-493.57,86.211,2021.6
-493.8,86.253,2022.4
-494.04,86.294,2023.1
-494.27,86.335,2023.9
-494.51,86.376,2024.7
-494.74,86.417,2025.4
-494.98,86.458,2026.2
-495.21,86.5,2026.9
-495.45,86.541,2027.7
-495.68,86.582,2028.4
-495.92,86.623,2029.2
-496.15,86.664,2029.9
-496.38,86.705,2030.7
-496.62,86.746,2031.4
-496.85,86.787,2032.1
-497.09,86.828,2032.9
-497.32,86.869,2033.6
-497.55,86.911,2034.4
-497.79,86.952,2035.1
-498.02,86.993,2035.9
-498.26,87.034,2036.6
-498.49,87.075,2037.4
-498.72,87.116,2038.1
-498.96,87.157,2038.9
-499.19,87.198,2039.6
-499.43,87.239,2040.4
-499.66,87.28,2041.1
-499.89,87.321,2041.8
-500.13,87.362,2042.6
-500.36,87.403,2043.3
-500.59,87.444,2044.1
-500.83,87.485,2044.8
-501.06,87.526,2045.5
-501.29,87.567,2046.3
-501.53,87.608,2047
-501.76,87.649,2047.8
-501.99,87.689,2048.5
-502.23,87.73,2049.2
-502.46,87.771,2050
-502.69,87.812,2050.7
-502.93,87.853,2051.5
-503.16,87.894,2052.2
-503.39,87.935,2052.9
-503.63,87.976,2053.7
-503.86,88.017,2054.4
-504.09,88.058,2055.1
-504.32,88.098,2055.9
-504.56,88.139,2056.6
-504.79,88.18,2057.4
-505.02,88.221,2058.1
-505.26,88.262,2058.8
-505.49,88.303,2059.6
-505.72,88.344,2060.3
-505.95,88.384,2061
-506.19,88.425,2061.8
-506.42,88.466,2062.5
-506.65,88.507,2063.2
-506.88,88.548,2064
-507.12,88.588,2064.7
-507.35,88.629,2065.4
-507.58,88.67,2066.1
-507.81,88.711,2066.9
-508.05,88.751,2067.6
-508.28,88.792,2068.3
-508.51,88.833,2069.1
-508.74,88.874,2069.8
-508.97,88.914,2070.5
-509.21,88.955,2071.2
-509.44,88.996,2072
-509.67,89.037,2072.7
-509.9,89.077,2073.4
-510.13,89.118,2074.2
-510.37,89.159,2074.9
-510.6,89.199,2075.6
-510.83,89.24,2076.3
-511.06,89.281,2077.1
-511.29,89.321,2077.8
-511.53,89.362,2078.5
-511.76,89.403,2079.2
-511.99,89.443,2079.9
-512.22,89.484,2080.7
-512.45,89.525,2081.4
-512.68,89.565,2082.1
-512.92,89.606,2082.8
-513.15,89.647,2083.6
-513.38,89.687,2084.3
-513.61,89.728,2085
-513.84,89.768,2085.7
-514.07,89.809,2086.4
-514.3,89.849,2087.2
-514.53,89.89,2087.9
-514.77,89.931,2088.6
-515,89.971,2089.3
-515.23,90.012,2090
-515.46,90.052,2090.8
-515.69,90.093,2091.5
-515.92,90.133,2092.2
-516.15,90.174,2092.9
-516.38,90.214,2093.6
-516.61,90.255,2094.3
-516.84,90.295,2095.1
-517.08,90.336,2095.8
-517.31,90.376,2096.5
-517.54,90.417,2097.2
-517.77,90.457,2097.9
-518,90.498,2098.6
-518.23,90.538,2099.3
-518.46,90.579,2100
-518.69,90.619,2100.8
-518.92,90.66,2101.5
-519.15,90.7,2102.2
-519.38,90.741,2102.9
-519.61,90.781,2103.6
-519.84,90.822,2104.3
-520.07,90.862,2105
-520.3,90.902,2105.7
-520.53,90.943,2106.4
-520.76,90.983,2107.2
-520.99,91.024,2107.9
-521.22,91.064,2108.6
-521.45,91.104,2109.3
-521.68,91.145,2110
-521.91,91.185,2110.7
-522.14,91.226,2111.4
-522.37,91.266,2112.1
-522.6,91.306,2112.8
-522.83,91.347,2113.5
-523.06,91.387,2114.2
-523.29,91.427,2114.9
-523.52,91.468,2115.6
-523.75,91.508,2116.3
-523.98,91.548,2117
-524.21,91.589,2117.7
-524.44,91.629,2118.4
-524.67,91.669,2119.2
-524.9,91.709,2119.9
-525.13,91.75,2120.6
-525.36,91.79,2121.3
-525.59,91.83,2122
-525.82,91.871,2122.7
-526.05,91.911,2123.4
-526.28,91.951,2124.1
-526.51,91.991,2124.8
-526.74,92.032,2125.5
-526.96,92.072,2126.2
-527.19,92.112,2126.9
-527.42,92.152,2127.6
-527.65,92.192,2128.3
-527.88,92.233,2129
-528.11,92.273,2129.6
-528.34,92.313,2130.3
-528.57,92.353,2131
-528.8,92.393,2131.7
-529.03,92.434,2132.4
-529.25,92.474,2133.1
-529.48,92.514,2133.8
-529.71,92.554,2134.5
-529.94,92.594,2135.2
-530.17,92.634,2135.9
-530.4,92.675,2136.6
-530.63,92.715,2137.3
-530.86,92.755,2138
-531.08,92.795,2138.7
-531.31,92.835,2139.4
-531.54,92.875,2140.1
-531.77,92.915,2140.8
-532,92.955,2141.4
-532.23,92.995,2142.1
-532.45,93.036,2142.8
-532.68,93.076,2143.5
-532.91,93.116,2144.2
-533.14,93.156,2144.9
-533.37,93.196,2145.6
-533.6,93.236,2146.3
-533.82,93.276,2147
-534.05,93.316,2147.6
-534.28,93.356,2148.3
-534.51,93.396,2149
-534.74,93.436,2149.7
-534.96,93.476,2150.4
-535.19,93.516,2151.1
-535.42,93.556,2151.8
-535.65,93.596,2152.5
-535.88,93.636,2153.1
-536.1,93.676,2153.8
-536.33,93.716,2154.5
-536.56,93.756,2155.2
-536.79,93.796,2155.9
-537.01,93.836,2156.6
-537.24,93.876,2157.2
-537.47,93.916,2157.9
-537.7,93.956,2158.6
-537.93,93.996,2159.3
-538.15,94.036,2160
-538.38,94.076,2160.6
-538.61,94.116,2161.3
-538.83,94.156,2162
-539.06,94.195,2162.7
-539.29,94.235,2163.4
-539.52,94.275,2164
-539.74,94.315,2164.7
-539.97,94.355,2165.4
-540.2,94.395,2166.1
-540.43,94.435,2166.8
-540.65,94.475,2167.4
-540.88,94.515,2168.1
-541.11,94.554,2168.8
-541.33,94.594,2169.5
-541.56,94.634,2170.1
-541.79,94.674,2170.8
-542.01,94.714,2171.5
-542.24,94.754,2172.2
-542.47,94.793,2172.8
-542.7,94.833,2173.5
-542.92,94.873,2174.2
-543.15,94.913,2174.9
-543.38,94.953,2175.5
-543.6,94.993,2176.2
-543.83,95.032,2176.9
-544.06,95.072,2177.6
-544.28,95.112,2178.2
-544.51,95.152,2178.9
-544.73,95.191,2179.6
-544.96,95.231,2180.2
-545.19,95.271,2180.9
-545.41,95.311,2181.6
-545.64,95.35,2182.2
-545.87,95.39,2182.9
-546.09,95.43,2183.6
-546.32,95.47,2184.3
-546.55,95.509,2184.9
-546.77,95.549,2185.6
-547,95.589,2186.3
-547.22,95.628,2186.9
-547.45,95.668,2187.6
-547.68,95.708,2188.3
-547.9,95.748,2188.9
-548.13,95.787,2189.6
-548.35,95.827,2190.3
-548.58,95.867,2190.9
-548.81,95.906,2191.6
-549.03,95.946,2192.2
-549.26,95.986,2192.9
-549.48,96.025,2193.6
-549.71,96.065,2194.2
-549.93,96.105,2194.9
-550.16,96.144,2195.6
-550.39,96.184,2196.2
-550.61,96.223,2196.9
-550.84,96.263,2197.5
-551.06,96.303,2198.2
-551.29,96.342,2198.9
-551.51,96.382,2199.5
-551.74,96.421,2200.2
-551.96,96.461,2200.8
-552.19,96.501,2201.5
-552.42,96.54,2202.2
-552.64,96.58,2202.8
-552.87,96.619,2203.5
-553.09,96.659,2204.1
-553.32,96.698,2204.8
-553.54,96.738,2205.5
-553.77,96.777,2206.1
-553.99,96.817,2206.8
-554.22,96.857,2207.4
-554.44,96.896,2208.1
-554.67,96.936,2208.7
-554.89,96.975,2209.4
-555.12,97.015,2210
-555.34,97.054,2210.7
-555.57,97.094,2211.4
-555.79,97.133,2212
-556.02,97.173,2212.7
-556.24,97.212,2213.3
-556.47,97.251,2214
-556.69,97.291,2214.6
-556.92,97.33,2215.3
-557.14,97.37,2215.9
-557.37,97.409,2216.6
-557.59,97.449,2217.2
-557.81,97.488,2217.9
-558.04,97.528,2218.5
-558.26,97.567,2219.2
-558.49,97.606,2219.8
-558.71,97.646,2220.5
-558.94,97.685,2221.1
-559.16,97.725,2221.8
-559.39,97.764,2222.4
-559.61,97.804,2223.1
-559.83,97.843,2223.7
-560.06,97.882,2224.4
-560.28,97.922,2225
-560.51,97.961,2225.7
-560.73,98,2226.3
-560.96,98.04,2226.9
-561.18,98.079,2227.6
-561.4,98.118,2228.2
-561.63,98.158,2228.9
-561.85,98.197,2229.5
-562.08,98.237,2230.2
-562.3,98.276,2230.8
-562.52,98.315,2231.5
-562.75,98.354,2232.1
-562.97,98.394,2232.7
-563.19,98.433,2233.4
-563.42,98.472,2234
-563.64,98.512,2234.7
-563.87,98.551,2235.3
-564.09,98.59,2235.9
-564.31,98.63,2236.6
-564.54,98.669,2237.2
-564.76,98.708,2237.9
-564.98,98.747,2238.5
-565.21,98.787,2239.1
-565.43,98.826,2239.8
-565.65,98.865,2240.4
-565.88,98.904,2241.1
-566.1,98.944,2241.7
-566.32,98.983,2242.3
-566.55,99.022,2243
-566.77,99.061,2243.6
-566.99,99.101,2244.2
-567.22,99.14,2244.9
-567.44,99.179,2245.5
-567.66,99.218,2246.2
-567.89,99.257,2246.8
-568.11,99.297,2247.4
-568.33,99.336,2248.1
-568.56,99.375,2248.7
-568.78,99.414,2249.3
-569,99.453,2250
-569.23,99.492,2250.6
-569.45,99.532,2251.2
-569.67,99.571,2251.9
-569.89,99.61,2252.5
-570.12,99.649,2253.1
-570.34,99.688,2253.7
-570.56,99.727,2254.4
-570.79,99.766,2255
-571.01,99.806,2255.6
-571.23,99.845,2256.3
-571.45,99.884,2256.9
-571.68,99.923,2257.5
-571.9,99.962,2258.2
-572.12,100,2258.8
-572.34,100.04,2259.4
-572.57,100.08,2260
-572.79,100.12,2260.7
-573.01,100.16,2261.3
-573.23,100.2,2261.9
-573.46,100.24,2262.6
-573.68,100.27,2263.2
-573.9,100.31,2263.8
-574.12,100.35,2264.4
-574.35,100.39,2265.1
-574.57,100.43,2265.7
-574.79,100.47,2266.3
-575.01,100.51,2266.9
-575.23,100.55,2267.5
-575.46,100.59,2268.2
-575.68,100.63,2268.8
-575.9,100.66,2269.4
-576.12,100.7,2270
-576.34,100.74,2270.7
-576.57,100.78,2271.3
-576.79,100.82,2271.9
-577.01,100.86,2272.5
-577.23,100.9,2273.1
-577.45,100.94,2273.8
-577.68,100.98,2274.4
-577.9,101.02,2275
-578.12,101.05,2275.6
-578.34,101.09,2276.2
-578.56,101.13,2276.9
-578.78,101.17,2277.5
-579.01,101.21,2278.1
-579.23,101.25,2278.7
-579.45,101.29,2279.3
-579.67,101.33,2280
-579.89,101.37,2280.6
-580.11,101.41,2281.2
-580.34,101.44,2281.8
-580.56,101.48,2282.4
-580.78,101.52,2283
-581,101.56,2283.6
-581.22,101.6,2284.3
-581.44,101.64,2284.9
-581.66,101.68,2285.5
-581.89,101.72,2286.1
-582.11,101.75,2286.7
-582.33,101.79,2287.3
-582.55,101.83,2287.9
-582.77,101.87,2288.6
-582.99,101.91,2289.2
-583.21,101.95,2289.8
-583.43,101.99,2290.4
-583.65,102.03,2291
-583.88,102.07,2291.6
-584.1,102.1,2292.2
-584.32,102.14,2292.8
-584.54,102.18,2293.4
-584.76,102.22,2294
-584.98,102.26,2294.7
-585.2,102.3,2295.3
-585.42,102.34,2295.9
-585.64,102.38,2296.5
-585.86,102.41,2297.1
-586.08,102.45,2297.7
-586.3,102.49,2298.3
-586.52,102.53,2298.9
-586.75,102.57,2299.5
-586.97,102.61,2300.1
-587.19,102.65,2300.7
-587.41,102.69,2301.3
-587.63,102.72,2301.9
-587.85,102.76,2302.5
-588.07,102.8,2303.1
-588.29,102.84,2303.7
-588.51,102.88,2304.4
-588.73,102.92,2305
-588.95,102.96,2305.6
-589.17,103,2306.2
-589.39,103.03,2306.8
-589.61,103.07,2307.4
-589.83,103.11,2308
-590.05,103.15,2308.6
-590.27,103.19,2309.2
-590.49,103.23,2309.8
-590.71,103.27,2310.4
-590.93,103.31,2311
-591.15,103.34,2311.6
-591.37,103.38,2312.2
-591.59,103.42,2312.8
-591.81,103.46,2313.4
-592.03,103.5,2314
-592.25,103.54,2314.6
-592.47,103.58,2315.2
-592.69,103.61,2315.8
-592.91,103.65,2316.4
-593.13,103.69,2316.9
-593.35,103.73,2317.5
-593.57,103.77,2318.1
-593.79,103.81,2318.7
-594.01,103.85,2319.3
-594.23,103.88,2319.9
-594.45,103.92,2320.5
-594.67,103.96,2321.1
-594.89,104,2321.7
-595.11,104.04,2322.3
-595.33,104.08,2322.9
-595.55,104.12,2323.5
-595.77,104.15,2324.1
-595.98,104.19,2324.7
-596.2,104.23,2325.3
-596.42,104.27,2325.9
-596.64,104.31,2326.4
-596.86,104.35,2327
-597.08,104.39,2327.6
-597.3,104.42,2328.2
-597.52,104.46,2328.8
-597.74,104.5,2329.4
-597.96,104.54,2330
-598.18,104.58,2330.6
-598.4,104.62,2331.2
-598.62,104.66,2331.8
-598.83,104.69,2332.3
-599.05,104.73,2332.9
-599.27,104.77,2333.5
-599.49,104.81,2334.1
-599.71,104.85,2334.7
-599.93,104.89,2335.3
-600.15,104.92,2335.9
-600.37,104.96,2336.5
-600.59,105,2337
-600.8,105.04,2337.6
-601.02,105.08,2338.2
-601.24,105.12,2338.8
-601.46,105.16,2339.4
-601.68,105.19,2340
-601.9,105.23,2340.5
-602.12,105.27,2341.1
-602.34,105.31,2341.7
-602.55,105.35,2342.3
-602.77,105.39,2342.9
-602.99,105.42,2343.5
-603.21,105.46,2344
-603.43,105.5,2344.6
-603.65,105.54,2345.2
-603.86,105.58,2345.8
-604.08,105.62,2346.4
-604.3,105.65,2346.9
-604.52,105.69,2347.5
-604.74,105.73,2348.1
-604.96,105.77,2348.7
-605.17,105.81,2349.3
-605.39,105.85,2349.8
-605.61,105.89,2350.4
-605.83,105.92,2351
-606.05,105.96,2351.6
-606.27,106,2352.1
-606.48,106.04,2352.7
-606.7,106.08,2353.3
-606.92,106.11,2353.9
-607.14,106.15,2354.4
-607.36,106.19,2355
-607.57,106.23,2355.6
-607.79,106.27,2356.2
-608.01,106.31,2356.7
-608.23,106.34,2357.3
-608.45,106.38,2357.9
-608.66,106.42,2358.5
-608.88,106.46,2359
-609.1,106.5,2359.6
-609.32,106.54,2360.2
-609.53,106.57,2360.8
-609.75,106.61,2361.3
-609.97,106.65,2361.9
-610.19,106.69,2362.5
-610.4,106.73,2363
-610.62,106.77,2363.6
-610.84,106.8,2364.2
-611.06,106.84,2364.8
-611.27,106.88,2365.3
-611.49,106.92,2365.9
-611.71,106.96,2366.5
-611.93,107,2367
-612.14,107.03,2367.6
-612.36,107.07,2368.2
-612.58,107.11,2368.7
-612.8,107.15,2369.3
-613.01,107.19,2369.9
-613.23,107.22,2370.4
-613.45,107.26,2371
-613.67,107.3,2371.6
-613.88,107.34,2372.1
-614.1,107.38,2372.7
-614.32,107.42,2373.3
-614.53,107.45,2373.8
-614.75,107.49,2374.4
-614.97,107.53,2375
-615.19,107.57,2375.5
-615.4,107.61,2376.1
-615.62,107.64,2376.6
-615.84,107.68,2377.2
-616.05,107.72,2377.8
-616.27,107.76,2378.3
-616.49,107.8,2378.9
-616.7,107.83,2379.5
-616.92,107.87,2380
-617.14,107.91,2380.6
-617.35,107.95,2381.1
-617.57,107.99,2381.7
-617.79,108.03,2382.3
-618,108.06,2382.8
-618.22,108.1,2383.4
-618.44,108.14,2383.9
-618.65,108.18,2384.5
-618.87,108.22,2385.1
-619.09,108.25,2385.6
-619.3,108.29,2386.2
-619.52,108.33,2386.7
-619.74,108.37,2387.3
-619.95,108.41,2387.8
-620.17,108.44,2388.4
-620.39,108.48,2388.9
-620.6,108.52,2389.5
-620.82,108.56,2390.1
-621.03,108.6,2390.6
-621.25,108.63,2391.2
-621.47,108.67,2391.7
-621.68,108.71,2392.3
-621.9,108.75,2392.8
-622.12,108.79,2393.4
-622.33,108.82,2393.9
-622.55,108.86,2394.5
-622.76,108.9,2395
-622.98,108.94,2395.6
-623.2,108.98,2396.1
-623.41,109.01,2396.7
-623.63,109.05,2397.3
-623.84,109.09,2397.8
-624.06,109.13,2398.4
-624.28,109.17,2398.9
-624.49,109.2,2399.5
-624.71,109.24,2400
-624.92,109.28,2400.6
-625.14,109.32,2401.1
-625.36,109.36,2401.6
-625.57,109.39,2402.2
-625.79,109.43,2402.7
-626,109.47,2403.3
-626.22,109.51,2403.8
-626.43,109.55,2404.4
-626.65,109.58,2404.9
-626.87,109.62,2405.5
-627.08,109.66,2406
-627.3,109.7,2406.6
-627.51,109.73,2407.1
-627.73,109.77,2407.7
-627.94,109.81,2408.2
-628.16,109.85,2408.8
-628.37,109.89,2409.3
-628.59,109.92,2409.8
-628.81,109.96,2410.4
-629.02,110,2410.9
-629.24,110.04,2411.5
-629.45,110.08,2412
-629.67,110.11,2412.6
-629.88,110.15,2413.1
-630.1,110.19,2413.6
-630.31,110.23,2414.2
-630.53,110.26,2414.7
-630.74,110.3,2415.3
-630.96,110.34,2415.8
-631.17,110.38,2416.3
-631.39,110.42,2416.9
-631.6,110.45,2417.4
-631.82,110.49,2418
-632.03,110.53,2418.5
-632.25,110.57,2419
-632.46,110.61,2419.6
-632.68,110.64,2420.1
-632.89,110.68,2420.7
-633.11,110.72,2421.2
-633.32,110.76,2421.7
-633.54,110.79,2422.3
-633.75,110.83,2422.8
-633.97,110.87,2423.3
-634.18,110.91,2423.9
-634.4,110.95,2424.4
-634.61,110.98,2424.9
-634.83,111.02,2425.5
-635.04,111.06,2426
-635.26,111.1,2426.6
-635.47,111.13,2427.1
-635.69,111.17,2427.6
-635.9,111.21,2428.2
-636.11,111.25,2428.7
-636.33,111.28,2429.2
-636.54,111.32,2429.7
-636.76,111.36,2430.3
-636.97,111.4,2430.8
-637.19,111.44,2431.3
-637.4,111.47,2431.9
-637.62,111.51,2432.4
-637.83,111.55,2432.9
-638.04,111.59,2433.5
-638.26,111.62,2434
-638.47,111.66,2434.5
-638.69,111.7,2435.1
-638.9,111.74,2435.6
-639.12,111.77,2436.1
-639.33,111.81,2436.6
-639.54,111.85,2437.2
-639.76,111.89,2437.7
-639.97,111.93,2438.2
-640.19,111.96,2438.8
-640.4,112,2439.3
-640.62,112.04,2439.8
-640.83,112.08,2440.3
-641.04,112.11,2440.9
-641.26,112.15,2441.4
-641.47,112.19,2441.9
-641.69,112.23,2442.4
-641.9,112.26,2443
-642.11,112.3,2443.5
-642.33,112.34,2444
-642.54,112.38,2444.5
-642.75,112.41,2445.1
-642.97,112.45,2445.6
-643.18,112.49,2446.1
-643.4,112.53,2446.6
-643.61,112.56,2447.1
-643.82,112.6,2447.7
-644.04,112.64,2448.2
-644.25,112.68,2448.7
-644.46,112.72,2449.2
-644.68,112.75,2449.8
-644.89,112.79,2450.3
-645.11,112.83,2450.8
-645.32,112.87,2451.3
-645.53,112.9,2451.8
-645.75,112.94,2452.3
-645.96,112.98,2452.9
-646.17,113.02,2453.4
-646.39,113.05,2453.9
-646.6,113.09,2454.4
-646.81,113.13,2454.9
-647.03,113.17,2455.5
-647.24,113.2,2456
-647.45,113.24,2456.5
-647.67,113.28,2457
-647.88,113.32,2457.5
-648.09,113.35,2458
-648.31,113.39,2458.6
-648.52,113.43,2459.1
-648.73,113.47,2459.6
-648.95,113.5,2460.1
-649.16,113.54,2460.6
-649.37,113.58,2461.1
-649.58,113.62,2461.6
-649.8,113.65,2462.2
-650.01,113.69,2462.7
-650.22,113.73,2463.2
-650.44,113.77,2463.7
-650.65,113.8,2464.2
-650.86,113.84,2464.7
-651.08,113.88,2465.2
-651.29,113.92,2465.7
-651.5,113.95,2466.2
-651.71,113.99,2466.8
-651.93,114.03,2467.3
-652.14,114.06,2467.8
-652.35,114.1,2468.3
-652.57,114.14,2468.8
-652.78,114.18,2469.3
-652.99,114.21,2469.8
-653.2,114.25,2470.3
-653.42,114.29,2470.8
-653.63,114.33,2471.3
-653.84,114.36,2471.8
-654.05,114.4,2472.4
-654.27,114.44,2472.9
-654.48,114.48,2473.4
-654.69,114.51,2473.9
-654.9,114.55,2474.4
-655.12,114.59,2474.9
-655.33,114.63,2475.4
-655.54,114.66,2475.9
-655.75,114.7,2476.4
-655.97,114.74,2476.9
-656.18,114.78,2477.4
-656.39,114.81,2477.9
-656.6,114.85,2478.4
-656.82,114.89,2478.9
-657.03,114.92,2479.4
-657.24,114.96,2479.9
-657.45,115,2480.4
-657.66,115.04,2480.9
-657.88,115.07,2481.4
-658.09,115.11,2481.9
-658.3,115.15,2482.4
-658.51,115.19,2482.9
-658.73,115.22,2483.4
-658.94,115.26,2483.9
-659.15,115.3,2484.4
-659.36,115.33,2484.9
-659.57,115.37,2485.4
-659.79,115.41,2485.9
-660,115.45,2486.4
-660.21,115.48,2486.9
-660.42,115.52,2487.4
-660.63,115.56,2487.9
-660.84,115.6,2488.4
-661.06,115.63,2488.9
-661.27,115.67,2489.4
-661.48,115.71,2489.9
-661.69,115.74,2490.4
-661.9,115.78,2490.9
-662.12,115.82,2491.4
-662.33,115.86,2491.9
-662.54,115.89,2492.4
-662.75,115.93,2492.9
-662.96,115.97,2493.4
-663.17,116.01,2493.9
-663.39,116.04,2494.4
-663.6,116.08,2494.9
-663.81,116.12,2495.3
-664.02,116.15,2495.8
-664.23,116.19,2496.3
-664.44,116.23,2496.8
-664.65,116.27,2497.3
-664.87,116.3,2497.8
-665.08,116.34,2498.3
-665.29,116.38,2498.8
-665.5,116.41,2499.3
-665.71,116.45,2499.8
-665.92,116.49,2500.3
-666.13,116.53,2500.8
-666.35,116.56,2501.2
-666.56,116.6,2501.7
-666.77,116.64,2502.2
-666.98,116.67,2502.7
-667.19,116.71,2503.2
-667.4,116.75,2503.7
-667.61,116.79,2504.2
-667.82,116.82,2504.7
-668.04,116.86,2505.1
-668.25,116.9,2505.6
-668.46,116.93,2506.1
-668.67,116.97,2506.6
-668.88,117.01,2507.1
-669.09,117.05,2507.6
-669.3,117.08,2508.1
-669.51,117.12,2508.6
-669.72,117.16,2509
-669.93,117.19,2509.5
-670.15,117.23,2510
-670.36,117.27,2510.5
-670.57,117.31,2511
-670.78,117.34,2511.5
-670.99,117.38,2511.9
-671.2,117.42,2512.4
-671.41,117.45,2512.9
-671.62,117.49,2513.4
-671.83,117.53,2513.9
-672.04,117.57,2514.3
-672.25,117.6,2514.8
-672.46,117.64,2515.3
-672.67,117.68,2515.8
-672.89,117.71,2516.3
-673.1,117.75,2516.7
-673.31,117.79,2517.2
-673.52,117.82,2517.7
-673.73,117.86,2518.2
-673.94,117.9,2518.7
-674.15,117.94,2519.1
-674.36,117.97,2519.6
-674.57,118.01,2520.1
-674.78,118.05,2520.6
-674.99,118.08,2521.1
-675.2,118.12,2521.5
-675.41,118.16,2522
-675.62,118.19,2522.5
-675.83,118.23,2523
-676.04,118.27,2523.4
-676.25,118.31,2523.9
-676.46,118.34,2524.4
-676.67,118.38,2524.9
-676.88,118.42,2525.3
-677.09,118.45,2525.8
-677.3,118.49,2526.3
-677.51,118.53,2526.8
-677.72,118.56,2527.2
-677.93,118.6,2527.7
-678.14,118.64,2528.2
-678.35,118.68,2528.7
-678.56,118.71,2529.1
-678.77,118.75,2529.6
-678.98,118.79,2530.1
-679.19,118.82,2530.5
-679.4,118.86,2531
-679.61,118.9,2531.5
-679.82,118.93,2531.9
-680.03,118.97,2532.4
-680.24,119.01,2532.9
-680.45,119.04,2533.4
-680.66,119.08,2533.8
-680.87,119.12,2534.3
-681.08,119.16,2534.8
-681.29,119.19,2535.2
-681.5,119.23,2535.7
-681.71,119.27,2536.2
-681.92,119.3,2536.6
-682.13,119.34,2537.1
-682.34,119.38,2537.6
-682.55,119.41,2538
-682.76,119.45,2538.5
-682.97,119.49,2539
-683.18,119.52,2539.4
-683.39,119.56,2539.9
-683.6,119.6,2540.4
-683.81,119.64,2540.8
-684.02,119.67,2541.3
-684.23,119.71,2541.8
-684.44,119.75,2542.2
-684.65,119.78,2542.7
-684.86,119.82,2543.1
-685.07,119.86,2543.6
-685.28,119.89,2544.1
-685.49,119.93,2544.5
-685.69,119.97,2545
-685.9,120,2545.5
-686.11,120.04,2545.9
-686.32,120.08,2546.4
-686.53,120.11,2546.8
-686.74,120.15,2547.3
-686.95,120.19,2547.8
-687.16,120.22,2548.2
-687.37,120.26,2548.7
-687.58,120.3,2549.1
-687.79,120.33,2549.6
-688,120.37,2550.1
-688.21,120.41,2550.5
-688.41,120.45,2551
-688.62,120.48,2551.4
-688.83,120.52,2551.9
-689.04,120.56,2552.4
-689.25,120.59,2552.8
-689.46,120.63,2553.3
-689.67,120.67,2553.7
-689.88,120.7,2554.2
-690.09,120.74,2554.6
-690.3,120.78,2555.1
-690.5,120.81,2555.5
-690.71,120.85,2556
-690.92,120.89,2556.5
-691.13,120.92,2556.9
-691.34,120.96,2557.4
-691.55,121,2557.8
-691.76,121.03,2558.3
-691.97,121.07,2558.7
-692.17,121.11,2559.2
-692.38,121.14,2559.6
-692.59,121.18,2560.1
-692.8,121.22,2560.5
-693.01,121.25,2561
-693.22,121.29,2561.4
-693.43,121.33,2561.9
-693.64,121.36,2562.3
-693.84,121.4,2562.8
-694.05,121.44,2563.2
-694.26,121.47,2563.7
-694.47,121.51,2564.1
-694.68,121.55,2564.6
-694.89,121.58,2565
-695.1,121.62,2565.5
-695.3,121.66,2565.9
-695.51,121.69,2566.4
-695.72,121.73,2566.8
-695.93,121.77,2567.3
-696.14,121.8,2567.7
-696.35,121.84,2568.2
-696.55,121.88,2568.6
-696.76,121.91,2569.1
-696.97,121.95,2569.5
-697.18,121.99,2570
-697.39,122.02,2570.4
-697.6,122.06,2570.9
-697.8,122.1,2571.3
-698.01,122.13,2571.7
-698.22,122.17,2572.2
-698.43,122.21,2572.6
-698.64,122.24,2573.1
-698.84,122.28,2573.5
-699.05,122.32,2574
-699.26,122.35,2574.4
-699.47,122.39,2574.9
-699.68,122.43,2575.3
-699.88,122.46,2575.7
-700.09,122.5,2576.2
-700.3,122.54,2576.6
-700.51,122.57,2577.1
-700.72,122.61,2577.5
-700.92,122.65,2577.9
-701.13,122.68,2578.4
-701.34,122.72,2578.8
-701.55,122.76,2579.3
-701.76,122.79,2579.7
-701.96,122.83,2580.1
-702.17,122.87,2580.6
-702.38,122.9,2581
-702.59,122.94,2581.5
-702.79,122.98,2581.9
-703,123.01,2582.3
-703.21,123.05,2582.8
-703.42,123.09,2583.2
-703.63,123.12,2583.6
-703.83,123.16,2584.1
-704.04,123.19,2584.5
-704.25,123.23,2585
-704.46,123.27,2585.4
-704.66,123.3,2585.8
-704.87,123.34,2586.3
-705.08,123.38,2586.7
-705.29,123.41,2587.1
-705.49,123.45,2587.6
-705.7,123.49,2588
-705.91,123.52,2588.4
-706.12,123.56,2588.9
-706.32,123.6,2589.3
-706.53,123.63,2589.7
-706.74,123.67,2590.2
-706.95,123.71,2590.6
-707.15,123.74,2591
-707.36,123.78,2591.5
-707.57,123.82,2591.9
-707.77,123.85,2592.3
-707.98,123.89,2592.8
-708.19,123.92,2593.2
-708.4,123.96,2593.6
-708.6,124,2594
-708.81,124.03,2594.5
-709.02,124.07,2594.9
-709.23,124.11,2595.3
-709.43,124.14,2595.8
-709.64,124.18,2596.2
-709.85,124.22,2596.6
-710.05,124.25,2597
-710.26,124.29,2597.5
-710.47,124.33,2597.9
-710.67,124.36,2598.3
-710.88,124.4,2598.8
-711.09,124.44,2599.2
-711.3,124.47,2599.6
-711.5,124.51,2600
-711.71,124.54,2600.5
-711.92,124.58,2600.9
-712.12,124.62,2601.3
-712.33,124.65,2601.7
-712.54,124.69,2602.2
-712.74,124.73,2602.6
-712.95,124.76,2603
-713.16,124.8,2603.4
-713.36,124.84,2603.9
-713.57,124.87,2604.3
-713.78,124.91,2604.7
-713.98,124.94,2605.1
-714.19,124.98,2605.5
-714.4,125.02,2606
-714.6,125.05,2606.4
-714.81,125.09,2606.8
-715.02,125.13,2607.2
-715.22,125.16,2607.7
-715.43,125.2,2608.1
-715.64,125.24,2608.5
-715.84,125.27,2608.9
-716.05,125.31,2609.3
-716.26,125.34,2609.8
-716.46,125.38,2610.2
-716.67,125.42,2610.6
-716.88,125.45,2611
-717.08,125.49,2611.4
-717.29,125.53,2611.8
-717.5,125.56,2612.3
-717.7,125.6,2612.7
-717.91,125.64,2613.1
-718.12,125.67,2613.5
-718.32,125.71,2613.9
-718.53,125.74,2614.4
-718.73,125.78,2614.8
-718.94,125.82,2615.2
-719.15,125.85,2615.6
-719.35,125.89,2616
-719.56,125.93,2616.4
-719.77,125.96,2616.8
-719.97,126,2617.3
-720.18,126.03,2617.7
-720.38,126.07,2618.1
-720.59,126.11,2618.5
-720.8,126.14,2618.9
-721,126.18,2619.3
-721.21,126.22,2619.7
-721.42,126.25,2620.2
-721.62,126.29,2620.6
-721.83,126.32,2621
-722.03,126.36,2621.4
-722.24,126.4,2621.8
-722.45,126.43,2622.2
-722.65,126.47,2622.6
-722.86,126.51,2623
-723.06,126.54,2623.4
-723.27,126.58,2623.8
-723.48,126.61,2624.3
-723.68,126.65,2624.7
-723.89,126.69,2625.1
-724.09,126.72,2625.5
-724.3,126.76,2625.9
-724.5,126.8,2626.3
-724.71,126.83,2626.7
-724.92,126.87,2627.1
-725.12,126.9,2627.5
-725.33,126.94,2627.9
-725.53,126.98,2628.3
-725.74,127.01,2628.7
-725.94,127.05,2629.1
-726.15,127.09,2629.6
-726.36,127.12,2630
-726.56,127.16,2630.4
-726.77,127.19,2630.8
-726.97,127.23,2631.2
-727.18,127.27,2631.6
-727.38,127.3,2632
-727.59,127.34,2632.4
-727.79,127.38,2632.8
-728,127.41,2633.2
-728.21,127.45,2633.6
-728.41,127.48,2634
-728.62,127.52,2634.4
-728.82,127.56,2634.8
-729.03,127.59,2635.2
-729.23,127.63,2635.6
-729.44,127.66,2636
-729.64,127.7,2636.4
-729.85,127.74,2636.8
-730.05,127.77,2637.2
-730.26,127.81,2637.6
-730.47,127.85,2638
-730.67,127.88,2638.4
-730.88,127.92,2638.8
-731.08,127.95,2639.2
-731.29,127.99,2639.6
-731.49,128.03,2640
-731.7,128.06,2640.4
-731.9,128.1,2640.8
-732.11,128.13,2641.2
-732.31,128.17,2641.6
-732.52,128.21,2642
-732.72,128.24,2642.4
-732.93,128.28,2642.8
-733.13,128.31,2643.2
-733.34,128.35,2643.6
-733.54,128.39,2644
-733.75,128.42,2644.4
-733.95,128.46,2644.8
-734.16,128.5,2645.2
-734.36,128.53,2645.6
-734.57,128.57,2645.9
-734.77,128.6,2646.3
-734.98,128.64,2646.7
-735.18,128.68,2647.1
-735.39,128.71,2647.5
-735.59,128.75,2647.9
-735.8,128.78,2648.3
-736,128.82,2648.7
-736.21,128.86,2649.1
-736.41,128.89,2649.5
-736.62,128.93,2649.9
-736.82,128.96,2650.3
-737.03,129,2650.7
-737.23,129.04,2651
-737.44,129.07,2651.4
-737.64,129.11,2651.8
-737.84,129.14,2652.2
-738.05,129.18,2652.6
-738.25,129.22,2653
-738.46,129.25,2653.4
-738.66,129.29,2653.8
-738.87,129.32,2654.2
-739.07,129.36,2654.6
-739.28,129.4,2654.9
-739.48,129.43,2655.3
-739.69,129.47,2655.7
-739.89,129.5,2656.1
-740.1,129.54,2656.5
-740.3,129.58,2656.9
-740.5,129.61,2657.3
-740.71,129.65,2657.6
-740.91,129.68,2658
-741.12,129.72,2658.4
-741.32,129.76,2658.8
-741.53,129.79,2659.2
-741.73,129.83,2659.6
-741.94,129.86,2660
-742.14,129.9,2660.3
-742.34,129.94,2660.7
-742.55,129.97,2661.1
-742.75,130.01,2661.5
-742.96,130.04,2661.9
-743.16,130.08,2662.3
-743.37,130.12,2662.6
-743.57,130.15,2663
-743.77,130.19,2663.4
-743.98,130.22,2663.8
-744.18,130.26,2664.2
-744.39,130.3,2664.5
-744.59,130.33,2664.9
-744.79,130.37,2665.3
-745,130.4,2665.7
-745.2,130.44,2666.1
-745.41,130.48,2666.4
-745.61,130.51,2666.8
-745.81,130.55,2667.2
-746.02,130.58,2667.6
-746.22,130.62,2668
-746.43,130.66,2668.3
-746.63,130.69,2668.7
-746.83,130.73,2669.1
-747.04,130.76,2669.5
-747.24,130.8,2669.8
-747.45,130.83,2670.2
-747.65,130.87,2670.6
-747.85,130.91,2671
-748.06,130.94,2671.3
-748.26,130.98,2671.7
-748.47,131.01,2672.1
-748.67,131.05,2672.5
-748.87,131.09,2672.8
-749.08,131.12,2673.2
-749.28,131.16,2673.6
-749.48,131.19,2674
-749.69,131.23,2674.3
-749.89,131.27,2674.7
-750.1,131.3,2675.1
-750.3,131.34,2675.5
-750.5,131.37,2675.8
-750.71,131.41,2676.2
-750.91,131.44,2676.6
-751.11,131.48,2677
-751.32,131.52,2677.3
-751.52,131.55,2677.7
-751.73,131.59,2678.1
-751.93,131.62,2678.4
-752.13,131.66,2678.8
-752.34,131.7,2679.2
-752.54,131.73,2679.5
-752.74,131.77,2679.9
-752.95,131.8,2680.3
-753.15,131.84,2680.7
-753.35,131.87,2681
-753.56,131.91,2681.4
-753.76,131.95,2681.8
-753.96,131.98,2682.1
-754.17,132.02,2682.5
-754.37,132.05,2682.9
-754.57,132.09,2683.2
-754.78,132.12,2683.6
-754.98,132.16,2684
-755.18,132.2,2684.3
-755.39,132.23,2684.7
-755.59,132.27,2685.1
-755.79,132.3,2685.4
-756,132.34,2685.8
-756.2,132.38,2686.2
-756.4,132.41,2686.5
-756.61,132.45,2686.9
-756.81,132.48,2687.2
-757.01,132.52,2687.6
-757.22,132.55,2688
-757.42,132.59,2688.3
-757.62,132.63,2688.7
-757.83,132.66,2689.1
-758.03,132.7,2689.4
-758.23,132.73,2689.8
-758.43,132.77,2690.1
-758.64,132.8,2690.5
-758.84,132.84,2690.9
-759.04,132.88,2691.2
-759.25,132.91,2691.6
-759.45,132.95,2692
-759.65,132.98,2692.3
-759.86,133.02,2692.7
-760.06,133.05,2693
-760.26,133.09,2693.4
-760.46,133.13,2693.7
-760.67,133.16,2694.1
-760.87,133.2,2694.5
-761.07,133.23,2694.8
-761.28,133.27,2695.2
-761.48,133.3,2695.5
-761.68,133.34,2695.9
-761.88,133.38,2696.3
-762.09,133.41,2696.6
-762.29,133.45,2697
-762.49,133.48,2697.3
-762.69,133.52,2697.7
-762.9,133.55,2698
-763.1,133.59,2698.4
-763.3,133.63,2698.7
-763.51,133.66,2699.1
-763.71,133.7,2699.5
-763.91,133.73,2699.8
-764.11,133.77,2700.2
-764.32,133.8,2700.5
-764.52,133.84,2700.9
-764.72,133.88,2701.2
-764.92,133.91,2701.6
-765.13,133.95,2701.9
-765.33,133.98,2702.3
-765.53,134.02,2702.6
-765.73,134.05,2703
-765.94,134.09,2703.3
-766.14,134.13,2703.7
-766.34,134.16,2704
-766.54,134.2,2704.4
-766.75,134.23,2704.7
-766.95,134.27,2705.1
-767.15,134.3,2705.4
-767.35,134.34,2705.8
-767.56,134.37,2706.1
-767.76,134.41,2706.5
-767.96,134.45,2706.8
-768.16,134.48,2707.2
-768.36,134.52,2707.5
-768.57,134.55,2707.9
-768.77,134.59,2708.2
-768.97,134.62,2708.6
-769.17,134.66,2708.9
-769.38,134.7,2709.3
-769.58,134.73,2709.6
-769.78,134.77,2710
-769.98,134.8,2710.3
-770.19,134.84,2710.7
-770.39,134.87,2711
-770.59,134.91,2711.3
-770.79,134.94,2711.7
-770.99,134.98,2712
-771.2,135.02,2712.4
-771.4,135.05,2712.7
-771.6,135.09,2713.1
-771.8,135.12,2713.4
-772,135.16,2713.8
-772.21,135.19,2714.1
-772.41,135.23,2714.4
-772.61,135.26,2714.8
-772.81,135.3,2715.1
-773.01,135.34,2715.5
-773.22,135.37,2715.8
-773.42,135.41,2716.1
-773.62,135.44,2716.5
-773.82,135.48,2716.8
-774.02,135.51,2717.2
-774.23,135.55,2717.5
-774.43,135.58,2717.9
-774.63,135.62,2718.2
-774.83,135.66,2718.5
-775.03,135.69,2718.9
-775.23,135.73,2719.2
-775.44,135.76,2719.5
-775.64,135.8,2719.9
-775.84,135.83,2720.2
-776.04,135.87,2720.6
-776.24,135.9,2720.9
-776.44,135.94,2721.2
-776.65,135.98,2721.6
-776.85,136.01,2721.9
-777.05,136.05,2722.2
-777.25,136.08,2722.6
-777.45,136.12,2722.9
-777.65,136.15,2723.3
-777.86,136.19,2723.6
-778.06,136.22,2723.9
-778.26,136.26,2724.3
-778.46,136.29,2724.6
-778.66,136.33,2724.9
-778.86,136.37,2725.3
-779.07,136.4,2725.6
-779.27,136.44,2725.9
-779.47,136.47,2726.3
-779.67,136.51,2726.6
-779.87,136.54,2726.9
-780.07,136.58,2727.3
-780.27,136.61,2727.6
-780.48,136.65,2727.9
-780.68,136.68,2728.3
-780.88,136.72,2728.6
-781.08,136.76,2728.9
-781.28,136.79,2729.3
-781.48,136.83,2729.6
-781.68,136.86,2729.9
-781.89,136.9,2730.2
-782.09,136.93,2730.6
-782.29,136.97,2730.9
-782.49,137,2731.2
-782.69,137.04,2731.6
-782.89,137.07,2731.9
-783.09,137.11,2732.2
-783.29,137.15,2732.5
-783.5,137.18,2732.9
-783.7,137.22,2733.2
-783.9,137.25,2733.5
-784.1,137.29,2733.9
-784.3,137.32,2734.2
-784.5,137.36,2734.5
-784.7,137.39,2734.8
-784.9,137.43,2735.2
-785.1,137.46,2735.5
-785.31,137.5,2735.8
-785.51,137.54,2736.1
-785.71,137.57,2736.5
-785.91,137.61,2736.8
-786.11,137.64,2737.1
-786.31,137.68,2737.4
-786.51,137.71,2737.8
-786.71,137.75,2738.1
-786.91,137.78,2738.4
-787.11,137.82,2738.7
-787.32,137.85,2739.1
-787.52,137.89,2739.4
-787.72,137.92,2739.7
-787.92,137.96,2740
-788.12,138,2740.3
-788.32,138.03,2740.7
-788.52,138.07,2741
-788.72,138.1,2741.3
-788.92,138.14,2741.6
-789.12,138.17,2741.9
-789.32,138.21,2742.3
-789.52,138.24,2742.6
-789.73,138.28,2742.9
-789.93,138.31,2743.2
-790.13,138.35,2743.5
-790.33,138.38,2743.9
-790.53,138.42,2744.2
-790.73,138.45,2744.5
-790.93,138.49,2744.8
-791.13,138.53,2745.1
-791.33,138.56,2745.4
-791.53,138.6,2745.8
-791.73,138.63,2746.1
-791.93,138.67,2746.4
-792.13,138.7,2746.7
-792.33,138.74,2747
-792.53,138.77,2747.3
-792.73,138.81,2747.7
-792.94,138.84,2748
-793.14,138.88,2748.3
-793.34,138.91,2748.6
-793.54,138.95,2748.9
-793.74,138.98,2749.2
-793.94,139.02,2749.5
-794.14,139.06,2749.9
-794.34,139.09,2750.2
-794.54,139.13,2750.5
-794.74,139.16,2750.8
-794.94,139.2,2751.1
-795.14,139.23,2751.4
-795.34,139.27,2751.7
-795.54,139.3,2752.1
-795.74,139.34,2752.4
-795.94,139.37,2752.7
-796.14,139.41,2753
-796.34,139.44,2753.3
-796.54,139.48,2753.6
-796.74,139.51,2753.9
-796.94,139.55,2754.2
-797.14,139.58,2754.5
-797.34,139.62,2754.8
-797.54,139.65,2755.2
-797.74,139.69,2755.5
-797.94,139.73,2755.8
-798.14,139.76,2756.1
-798.34,139.8,2756.4
-798.54,139.83,2756.7
-798.74,139.87,2757
-798.94,139.9,2757.3
-799.14,139.94,2757.6
-799.34,139.97,2757.9
-799.54,140.01,2758.2
-799.75,140.04,2758.5
-799.95,140.08,2758.8
-800.15,140.11,2759.1
-800.35,140.15,2759.4
-800.55,140.18,2759.8
-800.75,140.22,2760.1
-800.95,140.25,2760.4
-801.15,140.29,2760.7
-801.35,140.32,2761
-801.54,140.36,2761.3
-801.74,140.39,2761.6
-801.94,140.43,2761.9
-802.14,140.46,2762.2
-802.34,140.5,2762.5
-802.54,140.54,2762.8
-802.74,140.57,2763.1
-802.94,140.61,2763.4
-803.14,140.64,2763.7
-803.34,140.68,2764
-803.54,140.71,2764.3
-803.74,140.75,2764.6
-803.94,140.78,2764.9
-804.14,140.82,2765.2
-804.34,140.85,2765.5
-804.54,140.89,2765.8
-804.74,140.92,2766.1
-804.94,140.96,2766.4
-805.14,140.99,2766.7
-805.34,141.03,2767
-805.54,141.06,2767.3
-805.74,141.1,2767.6
-805.94,141.13,2767.9
-806.14,141.17,2768.2
-806.34,141.2,2768.5
-806.54,141.24,2768.8
-806.74,141.27,2769.1
-806.94,141.31,2769.4
-807.14,141.34,2769.7
-807.34,141.38,2770
-807.54,141.41,2770.3
-807.74,141.45,2770.6
-807.94,141.48,2770.9
-808.14,141.52,2771.1
-808.33,141.55,2771.4
-808.53,141.59,2771.7
-808.73,141.63,2772
-808.93,141.66,2772.3
-809.13,141.7,2772.6
-809.33,141.73,2772.9
-809.53,141.77,2773.2
-809.73,141.8,2773.5
-809.93,141.84,2773.8
-810.13,141.87,2774.1
-810.33,141.91,2774.4
-810.53,141.94,2774.7
-810.73,141.98,2775
-810.93,142.01,2775.2
-811.13,142.05,2775.5
-811.33,142.08,2775.8
-811.52,142.12,2776.1
-811.72,142.15,2776.4
-811.92,142.19,2776.7
-812.12,142.22,2777
-812.32,142.26,2777.3
-812.52,142.29,2777.6
-812.72,142.33,2777.9
-812.92,142.36,2778.1
-813.12,142.4,2778.4
-813.32,142.43,2778.7
-813.52,142.47,2779
-813.72,142.5,2779.3
-813.91,142.54,2779.6
-814.11,142.57,2779.9
-814.31,142.61,2780.2
-814.51,142.64,2780.4
-814.71,142.68,2780.7
-814.91,142.71,2781
-815.11,142.75,2781.3
-815.31,142.78,2781.6
-815.51,142.82,2781.9
-815.71,142.85,2782.2
-815.9,142.89,2782.4
-816.1,142.92,2782.7
-816.3,142.96,2783
-816.5,142.99,2783.3
-816.7,143.03,2783.6
-816.9,143.06,2783.9
-817.1,143.1,2784.1
-817.3,143.13,2784.4
-817.5,143.17,2784.7
-817.7,143.2,2785
-817.89,143.24,2785.3
-818.09,143.27,2785.5
-818.29,143.31,2785.8
-818.49,143.34,2786.1
-818.69,143.38,2786.4
-818.89,143.41,2786.7
-819.09,143.45,2787
-819.29,143.48,2787.2
-819.48,143.52,2787.5
-819.68,143.55,2787.8
-819.88,143.59,2788.1
-820.08,143.62,2788.4
-820.28,143.66,2788.6
-820.48,143.69,2788.9
-820.68,143.73,2789.2
-820.88,143.76,2789.5
-821.07,143.8,2789.7
-821.27,143.83,2790
-821.47,143.87,2790.3
-821.67,143.9,2790.6
-821.87,143.94,2790.8
-822.07,143.97,2791.1
-822.27,144.01,2791.4
-822.46,144.04,2791.7
-822.66,144.08,2792
-822.86,144.11,2792.2
-823.06,144.15,2792.5
-823.26,144.18,2792.8
-823.46,144.22,2793.1
-823.65,144.25,2793.3
-823.85,144.29,2793.6
-824.05,144.32,2793.9
-824.25,144.36,2794.1
-824.45,144.39,2794.4
-824.65,144.43,2794.7
-824.85,144.46,2795
-825.04,144.5,2795.2
-825.24,144.53,2795.5
-825.44,144.57,2795.8
-825.64,144.6,2796.1
-825.84,144.64,2796.3
-826.04,144.67,2796.6
-826.23,144.71,2796.9
-826.43,144.74,2797.1
-826.63,144.78,2797.4
-826.83,144.81,2797.7
-827.03,144.85,2797.9
-827.23,144.88,2798.2
-827.42,144.92,2798.5
-827.62,144.95,2798.8
-827.82,144.99,2799
-828.02,145.02,2799.3
-828.22,145.06,2799.6
-828.41,145.09,2799.8
-828.61,145.13,2800.1
-828.81,145.16,2800.4
-829.01,145.2,2800.6
-829.21,145.23,2800.9
-829.41,145.26,2801.2
-829.6,145.3,2801.4
-829.8,145.33,2801.7
-830,145.37,2802
-830.2,145.4,2802.2
-830.4,145.44,2802.5
-830.59,145.47,2802.8
-830.79,145.51,2803
-830.99,145.54,2803.3
-831.19,145.58,2803.5
-831.39,145.61,2803.8
-831.58,145.65,2804.1
-831.78,145.68,2804.3
-831.98,145.72,2804.6
-832.18,145.75,2804.9
-832.38,145.79,2805.1
-832.57,145.82,2805.4
-832.77,145.86,2805.7
-832.97,145.89,2805.9
-833.17,145.93,2806.2
-833.36,145.96,2806.4
-833.56,146,2806.7
-833.76,146.03,2807
-833.96,146.07,2807.2
-834.16,146.1,2807.5
-834.35,146.14,2807.7
-834.55,146.17,2808
-834.75,146.21,2808.3
-834.95,146.24,2808.5
-835.14,146.28,2808.8
-835.34,146.31,2809
-835.54,146.35,2809.3
-835.74,146.38,2809.6
-835.94,146.41,2809.8
-836.13,146.45,2810.1
-836.33,146.48,2810.3
-836.53,146.52,2810.6
-836.73,146.55,2810.8
-836.92,146.59,2811.1
-837.12,146.62,2811.4
-837.32,146.66,2811.6
-837.52,146.69,2811.9
-837.71,146.73,2812.1
-837.91,146.76,2812.4
-838.11,146.8,2812.6
-838.31,146.83,2812.9
-838.5,146.87,2813.1
-838.7,146.9,2813.4
-838.9,146.94,2813.6
-839.1,146.97,2813.9
-839.29,147.01,2814.2
-839.49,147.04,2814.4
-839.69,147.08,2814.7
-839.89,147.11,2814.9
-840.08,147.15,2815.2
-840.28,147.18,2815.4
-840.48,147.21,2815.7
-840.68,147.25,2815.9
-840.87,147.28,2816.2
-841.07,147.32,2816.4
-841.27,147.35,2816.7
-841.47,147.39,2816.9
-841.66,147.42,2817.2
-841.86,147.46,2817.4
-842.06,147.49,2817.7
-842.26,147.53,2817.9
-842.45,147.56,2818.2
-842.65,147.6,2818.4
-842.85,147.63,2818.7
-843.04,147.67,2818.9
-843.24,147.7,2819.2
-843.44,147.74,2819.4
-843.64,147.77,2819.7
-843.83,147.81,2819.9
-844.03,147.84,2820.2
-844.23,147.87,2820.4
-844.42,147.91,2820.7
-844.62,147.94,2820.9
-844.82,147.98,2821.1
-845.02,148.01,2821.4
-845.21,148.05,2821.6
-845.41,148.08,2821.9
-845.61,148.12,2822.1
-845.8,148.15,2822.4
-846,148.19,2822.6
-846.2,148.22,2822.9
-846.4,148.26,2823.1
-846.59,148.29,2823.3
-846.79,148.33,2823.6
-846.99,148.36,2823.8
-847.18,148.4,2824.1
-847.38,148.43,2824.3
-847.58,148.46,2824.6
-847.78,148.5,2824.8
-847.97,148.53,2825
-848.17,148.57,2825.3
-848.37,148.6,2825.5
-848.56,148.64,2825.8
-848.76,148.67,2826
-848.96,148.71,2826.3
-849.15,148.74,2826.5
-849.35,148.78,2826.7
-849.55,148.81,2827
-849.74,148.85,2827.2
-849.94,148.88,2827.5
-850.14,148.92,2827.7
-850.33,148.95,2827.9
-850.53,148.98,2828.2
-850.73,149.02,2828.4
-850.93,149.05,2828.6
-851.12,149.09,2828.9
-851.32,149.12,2829.1
-851.52,149.16,2829.4
-851.71,149.19,2829.6
-851.91,149.23,2829.8
-852.11,149.26,2830.1
-852.3,149.3,2830.3
-852.5,149.33,2830.5
-852.7,149.37,2830.8
-852.89,149.4,2831
-853.09,149.43,2831.2
-853.29,149.47,2831.5
-853.48,149.5,2831.7
-853.68,149.54,2831.9
-853.88,149.57,2832.2
-854.07,149.61,2832.4
-854.27,149.64,2832.7
-854.47,149.68,2832.9
-854.66,149.71,2833.1
-854.86,149.75,2833.4
-855.05,149.78,2833.6
-855.25,149.82,2833.8
-855.45,149.85,2834
-855.64,149.88,2834.3
-855.84,149.92,2834.5
-856.04,149.95,2834.7
-856.23,149.99,2835
-856.43,150.02,2835.2
-856.63,150.06,2835.4
-856.82,150.09,2835.7
-857.02,150.13,2835.9
-857.22,150.16,2836.1
-857.41,150.2,2836.4
-857.61,150.23,2836.6
-857.81,150.26,2836.8
-858,150.3,2837
-858.2,150.33,2837.3
-858.39,150.37,2837.5
-858.59,150.4,2837.7
-858.79,150.44,2838
-858.98,150.47,2838.2
-859.18,150.51,2838.4
-859.38,150.54,2838.6
-859.57,150.58,2838.9
-859.77,150.61,2839.1
-859.96,150.65,2839.3
-860.16,150.68,2839.5
-860.36,150.71,2839.8
-860.55,150.75,2840
-860.75,150.78,2840.2
-860.95,150.82,2840.4
-861.14,150.85,2840.7
-861.34,150.89,2840.9
-861.53,150.92,2841.1
-861.73,150.96,2841.3
-861.93,150.99,2841.6
-862.12,151.02,2841.8
-862.32,151.06,2842
-862.51,151.09,2842.2
-862.71,151.13,2842.5
-862.91,151.16,2842.7
-863.1,151.2,2842.9
-863.3,151.23,2843.1
-863.5,151.27,2843.3
-863.69,151.3,2843.6
-863.89,151.34,2843.8
-864.08,151.37,2844
-864.28,151.4,2844.2
-864.48,151.44,2844.4
-864.67,151.47,2844.7
-864.87,151.51,2844.9
-865.06,151.54,2845.1
-865.26,151.58,2845.3
-865.46,151.61,2845.5
-865.65,151.65,2845.8
-865.85,151.68,2846
-866.04,151.71,2846.2
-866.24,151.75,2846.4
-866.43,151.78,2846.6
-866.63,151.82,2846.8
-866.83,151.85,2847.1
-867.02,151.89,2847.3
-867.22,151.92,2847.5
-867.41,151.96,2847.7
-867.61,151.99,2847.9
-867.81,152.03,2848.1
-868,152.06,2848.4
-868.2,152.09,2848.6
-868.39,152.13,2848.8
-868.59,152.16,2849
-868.78,152.2,2849.2
-868.98,152.23,2849.4
-869.18,152.27,2849.7
-869.37,152.3,2849.9
-869.57,152.34,2850.1
-869.76,152.37,2850.3
-869.96,152.4,2850.5
-870.15,152.44,2850.7
-870.35,152.47,2850.9
-870.55,152.51,2851.1
-870.74,152.54,2851.4
-870.94,152.58,2851.6
-871.13,152.61,2851.8
-871.33,152.65,2852
-871.52,152.68,2852.2
-871.72,152.71,2852.4
-871.91,152.75,2852.6
-872.11,152.78,2852.8
-872.31,152.82,2853
-872.5,152.85,2853.2
-872.7,152.89,2853.5
-872.89,152.92,2853.7
-873.09,152.95,2853.9
-873.28,152.99,2854.1
-873.48,153.02,2854.3
-873.67,153.06,2854.5
-873.87,153.09,2854.7
-874.07,153.13,2854.9
-874.26,153.16,2855.1
-874.46,153.2,2855.3
-874.65,153.23,2855.5
-874.85,153.26,2855.7
-875.04,153.3,2856
-875.24,153.33,2856.2
-875.43,153.37,2856.4
-875.63,153.4,2856.6
-875.82,153.44,2856.8
-876.02,153.47,2857
-876.21,153.51,2857.2
-876.41,153.54,2857.4
-876.6,153.57,2857.6
-876.8,153.61,2857.8
-877,153.64,2858
-877.19,153.68,2858.2
-877.39,153.71,2858.4
-877.58,153.75,2858.6
-877.78,153.78,2858.8
-877.97,153.81,2859
-878.17,153.85,2859.2
-878.36,153.88,2859.4
-878.56,153.92,2859.6
-878.75,153.95,2859.8
-878.95,153.99,2860
-879.14,154.02,2860.2
-879.34,154.05,2860.4
-879.53,154.09,2860.6
-879.73,154.12,2860.8
-879.92,154.16,2861
-880.12,154.19,2861.2
-880.31,154.23,2861.4
-880.51,154.26,2861.6
-880.7,154.3,2861.8
-880.9,154.33,2862
-881.09,154.36,2862.2
-881.29,154.4,2862.4
-881.48,154.43,2862.6
-881.68,154.47,2862.8
-881.87,154.5,2863
-882.07,154.54,2863.2
-882.26,154.57,2863.4
-882.46,154.6,2863.6
-882.65,154.64,2863.8
-882.85,154.67,2864
-883.04,154.71,2864.2
-883.24,154.74,2864.4
-883.43,154.78,2864.6
-883.63,154.81,2864.8
-883.82,154.84,2865
-884.02,154.88,2865.2
-884.21,154.91,2865.4
-884.41,154.95,2865.5
-884.6,154.98,2865.7
-884.8,155.02,2865.9
-884.99,155.05,2866.1
-885.19,155.08,2866.3
-885.38,155.12,2866.5
-885.58,155.15,2866.7
-885.77,155.19,2866.9
-885.97,155.22,2867.1
-886.16,155.26,2867.3
-886.36,155.29,2867.5
-886.55,155.32,2867.7
-886.75,155.36,2867.9
-886.94,155.39,2868
-887.14,155.43,2868.2
-887.33,155.46,2868.4
-887.52,155.5,2868.6
-887.72,155.53,2868.8
-887.91,155.56,2869
-888.11,155.6,2869.2
-888.3,155.63,2869.4
-888.5,155.67,2869.6
-888.69,155.7,2869.8
-888.89,155.74,2869.9
-889.08,155.77,2870.1
-889.28,155.8,2870.3
-889.47,155.84,2870.5
-889.67,155.87,2870.7
-889.86,155.91,2870.9
-890.06,155.94,2871.1
-890.25,155.97,2871.3
-890.44,156.01,2871.4
-890.64,156.04,2871.6
-890.83,156.08,2871.8
-891.03,156.11,2872
-891.22,156.15,2872.2
-891.42,156.18,2872.4
-891.61,156.21,2872.5
-891.81,156.25,2872.7
-892,156.28,2872.9
-892.19,156.32,2873.1
-892.39,156.35,2873.3
-892.58,156.39,2873.5
-892.78,156.42,2873.6
-892.97,156.45,2873.8
-893.17,156.49,2874
-893.36,156.52,2874.2
-893.56,156.56,2874.4
-893.75,156.59,2874.6
-893.94,156.62,2874.7
-894.14,156.66,2874.9
-894.33,156.69,2875.1
-894.53,156.73,2875.3
-894.72,156.76,2875.5
-894.92,156.8,2875.6
-895.11,156.83,2875.8
-895.3,156.86,2876
-895.5,156.9,2876.2
-895.69,156.93,2876.4
-895.89,156.97,2876.5
-896.08,157,2876.7
-896.28,157.03,2876.9
-896.47,157.07,2877.1
-896.66,157.1,2877.3
-896.86,157.14,2877.4
-897.05,157.17,2877.6
-897.25,157.21,2877.8
-897.44,157.24,2878
-897.64,157.27,2878.1
-897.83,157.31,2878.3
-898.02,157.34,2878.5
-898.22,157.38,2878.7
-898.41,157.41,2878.8
-898.61,157.44,2879
-898.8,157.48,2879.2
-898.99,157.51,2879.4
-899.19,157.55,2879.5
-899.38,157.58,2879.7
-899.58,157.62,2879.9
-899.77,157.65,2880.1
-899.96,157.68,2880.2
-900.16,157.72,2880.4
-900.35,157.75,2880.6
-900.55,157.79,2880.8
-900.74,157.82,2880.9
-900.93,157.85,2881.1
-901.13,157.89,2881.3
-901.32,157.92,2881.4
-901.52,157.96,2881.6
-901.71,157.99,2881.8
-901.9,158.02,2882
-902.1,158.06,2882.1
-902.29,158.09,2882.3
-902.49,158.13,2882.5
-902.68,158.16,2882.6
-902.87,158.2,2882.8
-903.07,158.23,2883
-903.26,158.26,2883.2
-903.46,158.3,2883.3
-903.65,158.33,2883.5
-903.84,158.37,2883.7
-904.04,158.4,2883.8
-904.23,158.43,2884
-904.42,158.47,2884.2
-904.62,158.5,2884.3
-904.81,158.54,2884.5
-905.01,158.57,2884.7
-905.2,158.6,2884.8
-905.39,158.64,2885
-905.59,158.67,2885.2
-905.78,158.71,2885.3
-905.97,158.74,2885.5
-906.17,158.77,2885.7
-906.36,158.81,2885.8
-906.56,158.84,2886
-906.75,158.88,2886.2
-906.94,158.91,2886.3
-907.14,158.94,2886.5
-907.33,158.98,2886.6
-907.52,159.01,2886.8
-907.72,159.05,2887
-907.91,159.08,2887.1
-908.1,159.11,2887.3
-908.3,159.15,2887.5
-908.49,159.18,2887.6
-908.69,159.22,2887.8
-908.88,159.25,2888
-909.07,159.29,2888.1
-909.27,159.32,2888.3
-909.46,159.35,2888.4
-909.65,159.39,2888.6
-909.85,159.42,2888.8
-910.04,159.46,2888.9
-910.23,159.49,2889.1
-910.43,159.52,2889.2
-910.62,159.56,2889.4
-910.81,159.59,2889.6
-911.01,159.63,2889.7
-911.2,159.66,2889.9
-911.39,159.69,2890
-911.59,159.73,2890.2
-911.78,159.76,2890.4
-911.98,159.8,2890.5
-912.17,159.83,2890.7
-912.36,159.86,2890.8
-912.56,159.9,2891
-912.75,159.93,2891.1
-912.94,159.97,2891.3
-913.14,160,2891.5
-913.33,160.03,2891.6
-913.52,160.07,2891.8
-913.72,160.1,2891.9
-913.91,160.14,2892.1
-914.1,160.17,2892.2
-914.3,160.2,2892.4
-914.49,160.24,2892.5
-914.68,160.27,2892.7
-914.88,160.31,2892.8
-915.07,160.34,2893
-915.26,160.37,2893.2
-915.45,160.41,2893.3
-915.65,160.44,2893.5
-915.84,160.47,2893.6
-916.03,160.51,2893.8
-916.23,160.54,2893.9
-916.42,160.58,2894.1
-916.61,160.61,2894.2
-916.81,160.64,2894.4
-917,160.68,2894.5
-917.19,160.71,2894.7
-917.39,160.75,2894.8
-917.58,160.78,2895
-917.77,160.81,2895.1
-917.97,160.85,2895.3
-918.16,160.88,2895.4
-918.35,160.92,2895.6
-918.55,160.95,2895.7
-918.74,160.98,2895.9
-918.93,161.02,2896
-919.12,161.05,2896.2
-919.32,161.09,2896.3
-919.51,161.12,2896.5
-919.7,161.15,2896.6
-919.9,161.19,2896.8
-920.09,161.22,2896.9
-920.28,161.26,2897.1
-920.48,161.29,2897.2
-920.67,161.32,2897.4
-920.86,161.36,2897.5
-921.05,161.39,2897.6
-921.25,161.43,2897.8
-921.44,161.46,2897.9
-921.63,161.49,2898.1
-921.83,161.53,2898.2
-922.02,161.56,2898.4
-922.21,161.59,2898.5
-922.41,161.63,2898.7
-922.6,161.66,2898.8
-922.79,161.7,2898.9
-922.98,161.73,2899.1
-923.18,161.76,2899.2
-923.37,161.8,2899.4
-923.56,161.83,2899.5
-923.76,161.87,2899.7
-923.95,161.9,2899.8
-924.14,161.93,2899.9
-924.33,161.97,2900.1
-924.53,162,2900.2
-924.72,162.04,2900.4
-924.91,162.07,2900.5
-925.1,162.1,2900.7
-925.3,162.14,2900.8
-925.49,162.17,2900.9
-925.68,162.2,2901.1
-925.88,162.24,2901.2
-926.07,162.27,2901.4
-926.26,162.31,2901.5
-926.45,162.34,2901.6
-926.65,162.37,2901.8
-926.84,162.41,2901.9
-927.03,162.44,2902
-927.22,162.48,2902.2
-927.42,162.51,2902.3
-927.61,162.54,2902.5
-927.8,162.58,2902.6
-927.99,162.61,2902.7
-928.19,162.64,2902.9
-928.38,162.68,2903
-928.57,162.71,2903.1
-928.77,162.75,2903.3
-928.96,162.78,2903.4
-929.15,162.81,2903.5
-929.34,162.85,2903.7
-929.54,162.88,2903.8
-929.73,162.91,2904
-929.92,162.95,2904.1
-930.11,162.98,2904.2
-930.31,163.02,2904.4
-930.5,163.05,2904.5
-930.69,163.08,2904.6
-930.88,163.12,2904.8
-931.08,163.15,2904.9
-931.27,163.19,2905
-931.46,163.22,2905.2
-931.65,163.25,2905.3
-931.85,163.29,2905.4
-932.04,163.32,2905.6
-932.23,163.35,2905.7
-932.42,163.39,2905.8
-932.61,163.42,2905.9
-932.81,163.46,2906.1
-933,163.49,2906.2
-933.19,163.52,2906.3
-933.38,163.56,2906.5
-933.58,163.59,2906.6
-933.77,163.62,2906.7
-933.96,163.66,2906.9
-934.15,163.69,2907
-934.35,163.73,2907.1
-934.54,163.76,2907.2
-934.73,163.79,2907.4
-934.92,163.83,2907.5
-935.12,163.86,2907.6
-935.31,163.89,2907.8
-935.5,163.93,2907.9
-935.69,163.96,2908
-935.88,164,2908.1
-936.08,164.03,2908.3
-936.27,164.06,2908.4
-936.46,164.1,2908.5
-936.65,164.13,2908.6
-936.85,164.16,2908.8
-937.04,164.2,2908.9
-937.23,164.23,2909
-937.42,164.27,2909.1
-937.61,164.3,2909.3
-937.81,164.33,2909.4
-938,164.37,2909.5
-938.19,164.4,2909.6
-938.38,164.43,2909.8
-938.57,164.47,2909.9
-938.77,164.5,2910
-938.96,164.54,2910.1
-939.15,164.57,2910.2
-939.34,164.6,2910.4
-939.53,164.64,2910.5
-939.73,164.67,2910.6
-939.92,164.7,2910.7
-940.11,164.74,2910.9
-940.3,164.77,2911
-940.5,164.81,2911.1
-940.69,164.84,2911.2
-940.88,164.87,2911.3
-941.07,164.91,2911.5
-941.26,164.94,2911.6
-941.46,164.97,2911.7
-941.65,165.01,2911.8
-941.84,165.04,2911.9
-942.03,165.07,2912.1
-942.22,165.11,2912.2
-942.41,165.14,2912.3
-942.61,165.18,2912.4
-942.8,165.21,2912.5
-942.99,165.24,2912.6
-943.18,165.28,2912.8
-943.37,165.31,2912.9
-943.57,165.34,2913
-943.76,165.38,2913.1
-943.95,165.41,2913.2
-944.14,165.44,2913.3
-944.33,165.48,2913.5
-944.53,165.51,2913.6
-944.72,165.55,2913.7
-944.91,165.58,2913.8
-945.1,165.61,2913.9
-945.29,165.65,2914
-945.48,165.68,2914.1
-945.68,165.71,2914.3
-945.87,165.75,2914.4
-946.06,165.78,2914.5
-946.25,165.82,2914.6
-946.44,165.85,2914.7
-946.63,165.88,2914.8
-946.83,165.92,2914.9
-947.02,165.95,2915.1
-947.21,165.98,2915.2
-947.4,166.02,2915.3
-947.59,166.05,2915.4
-947.78,166.08,2915.5
-947.98,166.12,2915.6
-948.17,166.15,2915.7
-948.36,166.18,2915.8
-948.55,166.22,2915.9
-948.74,166.25,2916.1
-948.93,166.29,2916.2
-949.13,166.32,2916.3
-949.32,166.35,2916.4
-949.51,166.39,2916.5
-949.7,166.42,2916.6
-949.89,166.45,2916.7
-950.08,166.49,2916.8
-950.28,166.52,2916.9
-950.47,166.55,2917
-950.66,166.59,2917.1
-950.85,166.62,2917.2
-951.04,166.66,2917.4
-951.23,166.69,2917.5
-951.42,166.72,2917.6
-951.62,166.76,2917.7
-951.81,166.79,2917.8
-952,166.82,2917.9
-952.19,166.86,2918
-952.38,166.89,2918.1
-952.57,166.92,2918.2
-952.77,166.96,2918.3
-952.96,166.99,2918.4
-953.15,167.02,2918.5
-953.34,167.06,2918.6
-953.53,167.09,2918.7
-953.72,167.13,2918.8
-953.91,167.16,2918.9
-954.1,167.19,2919
-954.3,167.23,2919.1
-954.49,167.26,2919.2
-954.68,167.29,2919.3
-954.87,167.33,2919.4
-955.06,167.36,2919.5
-955.25,167.39,2919.6
-955.44,167.43,2919.7
-955.64,167.46,2919.8
-955.83,167.49,2919.9
-956.02,167.53,2920
-956.21,167.56,2920.1
-956.4,167.59,2920.2
-956.59,167.63,2920.3
-956.78,167.66,2920.4
-956.97,167.7,2920.5
-957.17,167.73,2920.6
-957.36,167.76,2920.7
-957.55,167.8,2920.8
-957.74,167.83,2920.9
-957.93,167.86,2921
-958.12,167.9,2921.1
-958.31,167.93,2921.2
-958.5,167.96,2921.3
-958.7,168,2921.4
-958.89,168.03,2921.5
-959.08,168.06,2921.6
-959.27,168.1,2921.7
-959.46,168.13,2921.8
-959.65,168.16,2921.9
-959.84,168.2,2922
-960.03,168.23,2922.1
-960.22,168.26,2922.2
-960.42,168.3,2922.3
-960.61,168.33,2922.4
-960.8,168.36,2922.5
-960.99,168.4,2922.6
-961.18,168.43,2922.7
-961.37,168.47,2922.8
-961.56,168.5,2922.8
-961.75,168.53,2922.9
-961.94,168.57,2923
-962.13,168.6,2923.1
-962.33,168.63,2923.2
-962.52,168.67,2923.3
-962.71,168.7,2923.4
-962.9,168.73,2923.5
-963.09,168.77,2923.6
-963.28,168.8,2923.7
-963.47,168.83,2923.8
-963.66,168.87,2923.9
-963.85,168.9,2923.9
-964.04,168.93,2924
-964.24,168.97,2924.1
-964.43,169,2924.2
-964.62,169.03,2924.3
-964.81,169.07,2924.4
-965,169.1,2924.5
-965.19,169.13,2924.6
-965.38,169.17,2924.7
-965.57,169.2,2924.7
-965.76,169.23,2924.8
-965.95,169.27,2924.9
-966.14,169.3,2925
-966.33,169.33,2925.1
-966.53,169.37,2925.2
-966.72,169.4,2925.3
-966.91,169.43,2925.4
-967.1,169.47,2925.4
-967.29,169.5,2925.5
-967.48,169.53,2925.6
-967.67,169.57,2925.7
-967.86,169.6,2925.8
-968.05,169.63,2925.9
-968.24,169.67,2926
-968.43,169.7,2926
-968.62,169.74,2926.1
-968.81,169.77,2926.2
-969.01,169.8,2926.3
-969.2,169.84,2926.4
-969.39,169.87,2926.5
-969.58,169.9,2926.5
-969.77,169.94,2926.6
-969.96,169.97,2926.7
-970.15,170,2926.8
-970.34,170.04,2926.9
-970.53,170.07,2927
-970.72,170.1,2927
-970.91,170.14,2927.1
-971.1,170.17,2927.2
-971.29,170.2,2927.3
-971.48,170.24,2927.4
-971.67,170.27,2927.4
-971.86,170.3,2927.5
-972.05,170.34,2927.6
-972.25,170.37,2927.7
-972.44,170.4,2927.8
-972.63,170.44,2927.8
-972.82,170.47,2927.9
-973.01,170.5,2928
-973.2,170.54,2928.1
-973.39,170.57,2928.1
-973.58,170.6,2928.2
-973.77,170.64,2928.3
-973.96,170.67,2928.4
-974.15,170.7,2928.5
-974.34,170.74,2928.5
-974.53,170.77,2928.6
-974.72,170.8,2928.7
-974.91,170.84,2928.8
-975.1,170.87,2928.8
-975.29,170.9,2928.9
-975.48,170.93,2929
-975.67,170.97,2929.1
-975.86,171,2929.1
-976.05,171.03,2929.2
-976.25,171.07,2929.3
-976.44,171.1,2929.4
-976.63,171.13,2929.4
-976.82,171.17,2929.5
-977.01,171.2,2929.6
-977.2,171.23,2929.7
-977.39,171.27,2929.7
-977.58,171.3,2929.8
-977.77,171.33,2929.9
-977.96,171.37,2929.9
-978.15,171.4,2930
-978.34,171.43,2930.1
-978.53,171.47,2930.2
-978.72,171.5,2930.2
-978.91,171.53,2930.3
-979.1,171.57,2930.4
-979.29,171.6,2930.4
-979.48,171.63,2930.5
-979.67,171.67,2930.6
-979.86,171.7,2930.6
-980.05,171.73,2930.7
-980.24,171.77,2930.8
-980.43,171.8,2930.9
-980.62,171.83,2930.9
-980.81,171.87,2931
-981,171.9,2931.1
-981.19,171.93,2931.1
-981.38,171.97,2931.2
-981.57,172,2931.3
-981.76,172.03,2931.3
-981.95,172.07,2931.4
-982.14,172.1,2931.5
-982.33,172.13,2931.5
-982.52,172.16,2931.6
-982.71,172.2,2931.7
-982.9,172.23,2931.7
-983.09,172.26,2931.8
-983.28,172.3,2931.9
-983.47,172.33,2931.9
-983.66,172.36,2932
-983.85,172.4,2932
-984.04,172.43,2932.1
-984.23,172.46,2932.2
-984.42,172.5,2932.2
-984.61,172.53,2932.3
-984.8,172.56,2932.4
-984.99,172.6,2932.4
-985.18,172.63,2932.5
-985.37,172.66,2932.6
-985.56,172.7,2932.6
-985.75,172.73,2932.7
-985.94,172.76,2932.7
-986.13,172.8,2932.8
-986.32,172.83,2932.9
-986.51,172.86,2932.9
-986.7,172.89,2933
-986.89,172.93,2933
-987.08,172.96,2933.1
-987.27,172.99,2933.2
-987.46,173.03,2933.2
-987.65,173.06,2933.3
-987.84,173.09,2933.3
-988.03,173.13,2933.4
-988.22,173.16,2933.5
-988.41,173.19,2933.5
-988.6,173.23,2933.6
-988.79,173.26,2933.6
-988.98,173.29,2933.7
-989.17,173.33,2933.7
-989.36,173.36,2933.8
-989.55,173.39,2933.9
-989.74,173.42,2933.9
-989.93,173.46,2934
-990.12,173.49,2934
-990.31,173.52,2934.1
-990.5,173.56,2934.1
-990.69,173.59,2934.2
-990.88,173.62,2934.3
-991.07,173.66,2934.3
-991.26,173.69,2934.4
-991.45,173.72,2934.4
-991.64,173.76,2934.5
-991.83,173.79,2934.5
-992.02,173.82,2934.6
-992.21,173.85,2934.6
-992.4,173.89,2934.7
-992.59,173.92,2934.7
-992.78,173.95,2934.8
-992.97,173.99,2934.8
-993.15,174.02,2934.9
-993.34,174.05,2934.9
-993.53,174.09,2935
-993.72,174.12,2935.1
-993.91,174.15,2935.1
-994.1,174.19,2935.2
-994.29,174.22,2935.2
-994.48,174.25,2935.3
-994.67,174.28,2935.3
-994.86,174.32,2935.4
-995.05,174.35,2935.4
-995.24,174.38,2935.5
-995.43,174.42,2935.5
-995.62,174.45,2935.6
-995.81,174.48,2935.6
-996,174.52,2935.6
-996.19,174.55,2935.7
-996.38,174.58,2935.7
-996.57,174.61,2935.8
-996.76,174.65,2935.8
-996.95,174.68,2935.9
-997.14,174.71,2935.9
-997.32,174.75,2936
-997.51,174.78,2936
-997.7,174.81,2936.1
-997.89,174.85,2936.1
-998.08,174.88,2936.2
-998.27,174.91,2936.2
-998.46,174.94,2936.3
-998.65,174.98,2936.3
-998.84,175.01,2936.3
-999.03,175.04,2936.4
-999.22,175.08,2936.4
-999.41,175.11,2936.5
-999.6,175.14,2936.5
-999.79,175.18,2936.6
-999.98,175.21,2936.6
-1000.2,175.24,2936.7
-1000.4,175.27,2936.7
-1000.5,175.31,2936.7
-1000.7,175.34,2936.8
-1000.9,175.37,2936.8
-1001.1,175.41,2936.9
-1001.3,175.44,2936.9
-1001.5,175.47,2936.9
-1001.7,175.5,2937
-1001.9,175.54,2937
-1002.1,175.57,2937.1
-1002.2,175.6,2937.1
-1002.4,175.64,2937.2
-1002.6,175.67,2937.2
-1002.8,175.7,2937.2
-1003,175.73,2937.3
-1003.2,175.77,2937.3
-1003.4,175.8,2937.3
-1003.6,175.83,2937.4
-1003.8,175.87,2937.4
-1004,175.9,2937.5
-1004.1,175.93,2937.5
-1004.3,175.97,2937.5
-1004.5,176,2937.6
-1004.7,176.03,2937.6
-1004.9,176.06,2937.7
-1005.1,176.1,2937.7
-1005.3,176.13,2937.7
-1005.5,176.16,2937.8
-1005.7,176.2,2937.8
-1005.8,176.23,2937.8
-1006,176.26,2937.9
-1006.2,176.29,2937.9
-1006.4,176.33,2937.9
-1006.6,176.36,2938
-1006.8,176.39,2938
-1007,176.43,2938
-1007.2,176.46,2938.1
-1007.4,176.49,2938.1
-1007.5,176.52,2938.1
-1007.7,176.56,2938.2
-1007.9,176.59,2938.2
-1008.1,176.62,2938.2
-1008.3,176.66,2938.3
-1008.5,176.69,2938.3
-1008.7,176.72,2938.3
-1008.9,176.75,2938.4
-1009.1,176.79,2938.4
-1009.2,176.82,2938.4
-1009.4,176.85,2938.5
-1009.6,176.89,2938.5
-1009.8,176.92,2938.5
-1010,176.95,2938.6
-1010.2,176.98,2938.6
-1010.4,177.02,2938.6
-1010.6,177.05,2938.6
-1010.8,177.08,2938.7
-1010.9,177.11,2938.7
-1011.1,177.15,2938.7
-1011.3,177.18,2938.8
-1011.5,177.21,2938.8
-1011.7,177.25,2938.8
-1011.9,177.28,2938.8
-1012.1,177.31,2938.9
-1012.3,177.34,2938.9
-1012.5,177.38,2938.9
-1012.6,177.41,2939
-1012.8,177.44,2939
-1013,177.48,2939
-1013.2,177.51,2939
-1013.4,177.54,2939.1
-1013.6,177.57,2939.1
-1013.8,177.61,2939.1
-1014,177.64,2939.1
-1014.2,177.67,2939.2
-1014.3,177.7,2939.2
-1014.5,177.74,2939.2
-1014.7,177.77,2939.2
-1014.9,177.8,2939.3
-1015.1,177.84,2939.3
-1015.3,177.87,2939.3
-1015.5,177.9,2939.3
-1015.7,177.93,2939.4
-1015.9,177.97,2939.4
-1016,178,2939.4
-1016.2,178.03,2939.4
-1016.4,178.06,2939.4
-1016.6,178.1,2939.5
-1016.8,178.13,2939.5
-1017,178.16,2939.5
-1017.2,178.2,2939.5
-1017.4,178.23,2939.5
-1017.5,178.26,2939.6
-1017.7,178.29,2939.6
-1017.9,178.33,2939.6
-1018.1,178.36,2939.6
-1018.3,178.39,2939.6
-1018.5,178.42,2939.7
-1018.7,178.46,2939.7
-1018.9,178.49,2939.7
-1019.1,178.52,2939.7
-1019.2,178.55,2939.7
-1019.4,178.59,2939.8
-1019.6,178.62,2939.8
-1019.8,178.65,2939.8
-1020,178.69,2939.8
-1020.2,178.72,2939.8
-1020.4,178.75,2939.8
-1020.6,178.78,2939.9
-1020.8,178.82,2939.9
-1020.9,178.85,2939.9
-1021.1,178.88,2939.9
-1021.3,178.91,2939.9
-1021.5,178.95,2939.9
-1021.7,178.98,2940
-1021.9,179.01,2940
-1022.1,179.04,2940
-1022.3,179.08,2940
-1022.5,179.11,2940
-1022.6,179.14,2940
-1022.8,179.17,2940
-1023,179.21,2940.1
-1023.2,179.24,2940.1
-1023.4,179.27,2940.1
-1023.6,179.3,2940.1
-1023.8,179.34,2940.1
-1024,179.37,2940.1
-1024.1,179.4,2940.1
-1024.3,179.43,2940.1
-1024.5,179.47,2940.2
-1024.7,179.5,2940.2
-1024.9,179.53,2940.2
-1025.1,179.57,2940.2
-1025.3,179.6,2940.2
-1025.5,179.63,2940.2
-1025.7,179.66,2940.2
-1025.8,179.7,2940.2
-1026,179.73,2940.2
-1026.2,179.76,2940.2
-1026.4,179.79,2940.3
-1026.6,179.83,2940.3
-1026.8,179.86,2940.3
-1027,179.89,2940.3
-1027.2,179.92,2940.3
-1027.3,179.96,2940.3
-1027.5,179.99,2940.3
-1027.7,180.02,2940.3
-1027.9,180.05,2940.3
-1028.1,180.09,2940.3
-1028.3,180.12,2940.3
-1028.5,180.15,2940.3
-1028.7,180.18,2940.3
-1028.9,180.22,2940.4
-1029,180.25,2940.4
-1029.2,180.28,2940.4
-1029.4,180.31,2940.4
-1029.6,180.35,2940.4
-1029.8,180.38,2940.4
-1030,180.41,2940.4
-1030.2,180.44,2940.4
-1030.4,180.48,2940.4
-1030.5,180.51,2940.4
-1030.7,180.54,2940.4
-1030.9,180.57,2940.4
-1031.1,180.61,2940.4
-1031.3,180.64,2940.4
-1031.5,180.67,2940.4
-1031.7,180.7,2940.4
-1031.9,180.74,2940.4
-1032,180.77,2940.4
-1032.2,180.8,2940.4
-1032.4,180.83,2940.4
-1032.6,180.86,2940.4
-1032.8,180.9,2940.4
-1033,180.93,2940.4
-1033.2,180.96,2940.4
-1033.3,180.98,2940.4
